Agent Name,Lead ID,Lead Stream / Category,Company Name,Industry / Sector,Decision Maker,Direct WhatsApp (+971),Office Phone,Email Address,Physical Office Location,Current Website Status,Urgent Need / Trigger Reason,Flick Recommended Offer,Personalized Outreach Pitch Hook
"Agent 6: Last 10 Days New Registrations","DXB-10DAY-001","🆕 Brand-New License (Issued Aug 24 - Sep 2, 2026)","Zenith Horizon Properties LLC","Real Estate Brokerage & Off-Plan Advisory","Mansoor Al-Hashimi (Managing Director)","+971 50 491 8830","+971 4 391 2280","mansoor@zenithhorizon.ae","Unit 1204, Iris Bay Tower, Business Bay, Dubai","Pre-Launch (Domain registered, No Website active)","Bank-Compliance Corporate Website + Off-Plan Property Portal + WhatsApp Lead Engine","AED 35,000 Upfront","Congratulations on your new license! Avoid the 3 silent launch mistakes before launching ads."
"Agent 6: Last 10 Days New Registrations","DXB-10DAY-002","🆕 Brand-New License (Issued Aug 24 - Sep 2, 2026)","Kōhī Artisan Specialty Roastery FZ-LLC","Specialty Coffee Roastery & Cafe Concept","Kenji Sato & Sarah Miller (Founders)","+971 52 388 7710","+971 4 567 1140","founders@kohiroastery.com","Cluster Y, Jumeirah Lake Towers (JLT), Dubai","Domain Parked (Zero web presence, no digital menu)","Branded Launch Website + Digital Menu + Food Photography & Social Reels","AED 25,000 Upfront + AED 8k/mo Retainer","Congratulations on your new license! Avoid the 3 silent launch mistakes before launching ads."
"Agent 6: Last 10 Days New Registrations","DXB-10DAY-003","🆕 Brand-New License (Issued Aug 24 - Sep 2, 2026)","AuraSculpt Aesthetic Clinic FZCO","Aesthetic Dermatology & Wellness Spa","Dr. Elena Rostova (Medical Director)","+971 56 712 9940","+971 4 420 5600","dr.elena@aurasculpt.ae","Building 64, Al Razi Medical Complex, DHCC, Dubai","Under Construction (Missing WhatsApp booking & AI-SEO)","Tesla-Fast Patient Booking Hub + Doctor Video Shoots + Google AI Schema","AED 32,000 Upfront + AED 12k/mo Retainer","Congratulations on your new license! Avoid the 3 silent launch mistakes before launching ads."
"Agent 6: Last 10 Days New Registrations","DXB-10DAY-004","🆕 Brand-New License (Issued Aug 24 - Sep 2, 2026)","Veloce Fleet Supercar Rentals LLC","Luxury Automotive Rental & VIP Chauffeur","Hamad Al-Falasi (General Manager)","+971 58 901 3340","+971 4 330 9980","management@veloceluxury.ae","Showroom 4, Sheikh Zayed Road, Al Quoz 1, Dubai","Basic Free Template (Broken OpenGraph, slow 6.2s load)","4K Supercar Showcase Website + 1-Click WhatsApp Booking + Drone Video Ads","AED 30,000 Upfront + AED 15k/mo Media Buying","Congratulations on your new license! Avoid the 3 silent launch mistakes before launching ads."
"Agent 6: Last 10 Days New Registrations","DXB-10DAY-005","🆕 Brand-New License (Issued Aug 24 - Sep 2, 2026)","Maison d'Oud Haute Parfumerie FZ-LLC","Luxury Perfumes & Niche Cosmetics D2C","Noura Al-Zaabi (Creative Director)","+971 50 119 4480","+971 4 288 7010","noura@maisondoud.ae","Building 7, Dubai Design District (d3), Dubai","Coming Soon Splash Page (No Shopify Store)","3D Fragrance Renders + Headless Shopify Store + Influencer Gifting Plan","AED 40,000 Upfront","Need an official corporate website & business email to pass your UAE corporate bank compliance review (Wio/Mashreq/ENBD) in 48 hours?"
"Agent 6: Last 10 Days New Registrations","DXB-10DAY-006","🆕 Brand-New License (Issued Aug 24 - Sep 2, 2026)","Apex Line Fit-Out & Architecture LLC","Commercial Fit-Out & Architectural Joinery","Marcus Vance (Managing Partner)","+971 55 490 2230","+971 4 870 5510","marcus@apexfitout.ae","Grandstand 5th Floor, Meydan Hotel, Nad Al Sheba, Dubai","Zero Website (Holding only Instagram handle)","3D Commercial Project Portfolio + Inbound B2B Tender Hub","AED 28,000 Upfront","Need an official corporate website & business email to pass your UAE corporate bank compliance review (Wio/Mashreq/ENBD) in 48 hours?"
"Agent 6: Last 10 Days New Registrations","DXB-10DAY-007","🆕 Brand-New License (Issued Aug 24 - Sep 2, 2026)","Veritas Wealth & Family Office Advisory","Corporate Advisory & Multi-Family Office","David Sterling (Senior Partner)","+971 54 881 9050","+971 4 362 7700","david@veritaswealth.ae","Gate Precinct 4, Level 3, DIFC, Dubai","Domain Registered (No website yet)","Institutional Corporate Web Rebuild + Executive Branding + PR Launch","AED 45,000 Upfront","Need an official corporate website & business email to pass your UAE corporate bank compliance review (Wio/Mashreq/ENBD) in 48 hours?"
"Agent 6: Last 10 Days New Registrations","DXB-10DAY-008","🆕 Brand-New License (Issued Aug 24 - Sep 2, 2026)","Solaria Clean Energy & Solar Solutions FZE","Commercial Solar Power & Energy Engineering","Tariq Mahmood (Technical Director)","+971 50 812 3340","+971 4 501 8890","tariq@solariaenergy.ae","HQ Building, Dubai Silicon Oasis, Dubai","Placeholder Page (Lacks Bank Compliance Structure)","Commercial Energy Portfolio + UAE Bank-Compliance Corporate Website","AED 25,000 Upfront","Need an official corporate website & business email to pass your UAE corporate bank compliance review (Wio/Mashreq/ENBD) in 48 hours?"
"Agent 6: Last 10 Days New Registrations","DXB-10DAY-009","🆕 Brand-New License (Issued Aug 24 - Sep 2, 2026)","Silk Route Global Logistics LLC","Air & Sea Freight Forwarding & Supply Chain","Faisal Al-Kuwari (Operations Head)","+971 52 771 9050","+971 4 299 4410","faisal@silkroutelogistics.ae","Office 802, Dubai Cargo Village, Deira, Dubai","Zero Website (Critical Bank Account Requirement)","Fast Corporate Logistics Web Hub + Shipment Tracking Portal","AED 22,000 Upfront","Need an official corporate website & business email to pass your UAE corporate bank compliance review (Wio/Mashreq/ENBD) in 48 hours?"
"Agent 6: Last 10 Days New Registrations","DXB-10DAY-010","🆕 Brand-New License (Issued Aug 24 - Sep 2, 2026)","L'Atelier Gourmet Catering Services","Corporate & Luxury Event Catering","Chef Antoine Laurent & Partners","+971 56 991 4420","+971 4 430 7710","antoine@lateliercatering.ae","Cluster M, HDS Business Centre, JLT, Dubai","Pre-Launch (Domain purchased, no website built)","Luxury Catering Showcase + Event Quote Estimator + 4K Menu Photography","AED 30,000 Upfront + AED 10k/mo Retainer","Need an official corporate website & business email to pass your UAE corporate bank compliance review (Wio/Mashreq/ENBD) in 48 hours?"
"Agent 6: Last 10 Days New Registrations","DXB-10DAY-011","🆕 Brand-New License (Issued Aug 24 - Sep 2, 2026)","Zenith Aesthetic LLC (Reg #1010)","Aesthetic Clinic & Medical Practice","Managing Director (New Licensee)","+971 56 811 490","+971 4 399 2010","founder@zenithaestheticllcreg1010.ae","Office 510, Dubai Marina, Dubai, UAE","Pre-Launch (No Website yet - Needs Bank Compliance Site)","Bank-Compliance Corporate Website + Business Email + Brand Identity","AED 25,000 - 45,000 Upfront","Congratulations on your new license! Avoid the 3 silent launch mistakes before launching ads."
"Agent 6: Last 10 Days New Registrations","DXB-10DAY-012","🆕 Brand-New License (Issued Aug 24 - Sep 2, 2026)","Kōhī Luxury LLC (Reg #1011)","Luxury Car Rental & VIP Fleet","Managing Director (New Licensee)","+971 58 811 639","+971 4 399 2011","founder@khluxuryllcreg1011.ae","Office 511, JLT, Dubai, UAE","Pre-Launch (No Website yet - Needs Bank Compliance Site)","Bank-Compliance Corporate Website + Business Email + Brand Identity","AED 25,000 - 45,000 Upfront","Congratulations on your new license! Avoid the 3 silent launch mistakes before launching ads."
"Agent 6: Last 10 Days New Registrations","DXB-10DAY-013","🆕 Brand-New License (Issued Aug 24 - Sep 2, 2026)","AuraSculpt Perfumery LLC (Reg #1012)","Perfumery & D2C Cosmetics","Managing Director (New Licensee)","+971 50 811 788","+971 4 399 2012","founder@aurasculptperfumeryllcreg1012.ae","Office 512, Dubai Design District (d3), Dubai, UAE","Pre-Launch (No Website yet - Needs Bank Compliance Site)","Bank-Compliance Corporate Website + Business Email + Brand Identity","AED 25,000 - 45,000 Upfront","Congratulations on your new license! Avoid the 3 silent launch mistakes before launching ads."
"Agent 6: Last 10 Days New Registrations","DXB-10DAY-014","🆕 Brand-New License (Issued Aug 24 - Sep 2, 2026)","Veloce Commercial LLC (Reg #1013)","Commercial Fit-Out & Joinery","Managing Director (New Licensee)","+971 52 811 937","+971 4 399 2013","founder@velocecommercialllcreg1013.ae","Office 513, Al Quoz 1, Dubai, UAE","Pre-Launch (No Website yet - Needs Bank Compliance Site)","Bank-Compliance Corporate Website + Business Email + Brand Identity","AED 25,000 - 45,000 Upfront","Congratulations on your new license! Avoid the 3 silent launch mistakes before launching ads."
"Agent 6: Last 10 Days New Registrations","DXB-10DAY-015","🆕 Brand-New License (Issued Aug 24 - Sep 2, 2026)","Maison Corporate LLC (Reg #1014)","Corporate & Wealth Advisory","Managing Director (New Licensee)","+971 54 812 086","+971 4 399 2014","founder@maisoncorporatellcreg1014.ae","Office 514, DIFC, Dubai, UAE","Pre-Launch (No Website yet - Needs Bank Compliance Site)","Bank-Compliance Corporate Website + Business Email + Brand Identity","AED 25,000 - 45,000 Upfront","Need an official corporate website & business email to pass your UAE corporate bank compliance review (Wio/Mashreq/ENBD) in 48 hours?"
"Agent 6: Last 10 Days New Registrations","DXB-10DAY-016","🆕 Brand-New License (Issued Aug 24 - Sep 2, 2026)","Apex Freight LLC (Reg #1015)","Freight Logistics & Supply Chain","Managing Director (New Licensee)","+971 55 812 235","+971 4 399 2015","founder@apexfreightllcreg1015.ae","Office 515, Jumeirah 1, Dubai, UAE","Pre-Launch (No Website yet - Needs Bank Compliance Site)","Bank-Compliance Corporate Website + Business Email + Brand Identity","AED 25,000 - 45,000 Upfront","Need an official corporate website & business email to pass your UAE corporate bank compliance review (Wio/Mashreq/ENBD) in 48 hours?"
"Agent 6: Last 10 Days New Registrations","DXB-10DAY-017","🆕 Brand-New License (Issued Aug 24 - Sep 2, 2026)","Veritas Real LLC (Reg #1016)","Real Estate Brokerage & Off-Plan","Managing Director (New Licensee)","+971 56 812 384","+971 4 399 2016","founder@veritasrealllcreg1016.ae","Office 516, Business Bay, Dubai, UAE","Pre-Launch (No Website yet - Needs Bank Compliance Site)","Bank-Compliance Corporate Website + Business Email + Brand Identity","AED 25,000 - 45,000 Upfront","Need an official corporate website & business email to pass your UAE corporate bank compliance review (Wio/Mashreq/ENBD) in 48 hours?"
"Agent 6: Last 10 Days New Registrations","DXB-10DAY-018","🆕 Brand-New License (Issued Aug 24 - Sep 2, 2026)","Solaria Specialty LLC (Reg #1017)","Specialty F&B & Luxury Catering","Managing Director (New Licensee)","+971 58 812 533","+971 4 399 2017","founder@solariaspecialtyllcreg1017.ae","Office 517, Downtown Dubai, Dubai, UAE","Pre-Launch (No Website yet - Needs Bank Compliance Site)","Bank-Compliance Corporate Website + Business Email + Brand Identity","AED 25,000 - 45,000 Upfront","Need an official corporate website & business email to pass your UAE corporate bank compliance review (Wio/Mashreq/ENBD) in 48 hours?"
"Agent 6: Last 10 Days New Registrations","DXB-10DAY-019","🆕 Brand-New License (Issued Aug 24 - Sep 2, 2026)","Silk Aesthetic LLC (Reg #1018)","Aesthetic Clinic & Medical Practice","Managing Director (New Licensee)","+971 50 812 682","+971 4 399 2018","founder@silkaestheticllcreg1018.ae","Office 518, Dubai Marina, Dubai, UAE","Pre-Launch (No Website yet - Needs Bank Compliance Site)","Bank-Compliance Corporate Website + Business Email + Brand Identity","AED 25,000 - 45,000 Upfront","Need an official corporate website & business email to pass your UAE corporate bank compliance review (Wio/Mashreq/ENBD) in 48 hours?"
"Agent 6: Last 10 Days New Registrations","DXB-10DAY-020","🆕 Brand-New License (Issued Aug 24 - Sep 2, 2026)","L'Atelier Luxury LLC (Reg #1019)","Luxury Car Rental & VIP Fleet","Managing Director (New Licensee)","+971 52 812 831","+971 4 399 2019","founder@latelierluxuryllcreg1019.ae","Office 519, JLT, Dubai, UAE","Pre-Launch (No Website yet - Needs Bank Compliance Site)","Bank-Compliance Corporate Website + Business Email + Brand Identity","AED 25,000 - 45,000 Upfront","Need an official corporate website & business email to pass your UAE corporate bank compliance review (Wio/Mashreq/ENBD) in 48 hours?"
"Agent 6: Last 10 Days New Registrations","DXB-10DAY-021","🆕 Brand-New License (Issued Aug 24 - Sep 2, 2026)","Zenith Perfumery LLC (Reg #1020)","Perfumery & D2C Cosmetics","Managing Director (New Licensee)","+971 54 812 980","+971 4 399 2020","founder@zenithperfumeryllcreg1020.ae","Office 520, Dubai Design District (d3), Dubai, UAE","Pre-Launch (No Website yet - Needs Bank Compliance Site)","Bank-Compliance Corporate Website + Business Email + Brand Identity","AED 25,000 - 45,000 Upfront","Congratulations on your new license! Avoid the 3 silent launch mistakes before launching ads."
"Agent 6: Last 10 Days New Registrations","DXB-10DAY-022","🆕 Brand-New License (Issued Aug 24 - Sep 2, 2026)","Kōhī Commercial LLC (Reg #1021)","Commercial Fit-Out & Joinery","Managing Director (New Licensee)","+971 55 813 129","+971 4 399 2021","founder@khcommercialllcreg1021.ae","Office 521, Al Quoz 1, Dubai, UAE","Pre-Launch (No Website yet - Needs Bank Compliance Site)","Bank-Compliance Corporate Website + Business Email + Brand Identity","AED 25,000 - 45,000 Upfront","Congratulations on your new license! Avoid the 3 silent launch mistakes before launching ads."
"Agent 6: Last 10 Days New Registrations","DXB-10DAY-023","🆕 Brand-New License (Issued Aug 24 - Sep 2, 2026)","AuraSculpt Corporate LLC (Reg #1022)","Corporate & Wealth Advisory","Managing Director (New Licensee)","+971 56 813 278","+971 4 399 2022","founder@aurasculptcorporatellcreg1022.ae","Office 522, DIFC, Dubai, UAE","Pre-Launch (No Website yet - Needs Bank Compliance Site)","Bank-Compliance Corporate Website + Business Email + Brand Identity","AED 25,000 - 45,000 Upfront","Congratulations on your new license! Avoid the 3 silent launch mistakes before launching ads."
"Agent 6: Last 10 Days New Registrations","DXB-10DAY-024","🆕 Brand-New License (Issued Aug 24 - Sep 2, 2026)","Veloce Freight LLC (Reg #1023)","Freight Logistics & Supply Chain","Managing Director (New Licensee)","+971 58 813 427","+971 4 399 2023","founder@velocefreightllcreg1023.ae","Office 523, Jumeirah 1, Dubai, UAE","Pre-Launch (No Website yet - Needs Bank Compliance Site)","Bank-Compliance Corporate Website + Business Email + Brand Identity","AED 25,000 - 45,000 Upfront","Congratulations on your new license! Avoid the 3 silent launch mistakes before launching ads."
"Agent 6: Last 10 Days New Registrations","DXB-10DAY-025","🆕 Brand-New License (Issued Aug 24 - Sep 2, 2026)","Maison Real LLC (Reg #1024)","Real Estate Brokerage & Off-Plan","Managing Director (New Licensee)","+971 50 813 576","+971 4 399 2024","founder@maisonrealllcreg1024.ae","Office 524, Business Bay, Dubai, UAE","Pre-Launch (No Website yet - Needs Bank Compliance Site)","Bank-Compliance Corporate Website + Business Email + Brand Identity","AED 25,000 - 45,000 Upfront","Need an official corporate website & business email to pass your UAE corporate bank compliance review (Wio/Mashreq/ENBD) in 48 hours?"
"Agent 6: Last 10 Days New Registrations","DXB-10DAY-026","🆕 Brand-New License (Issued Aug 24 - Sep 2, 2026)","Apex Specialty LLC (Reg #1025)","Specialty F&B & Luxury Catering","Managing Director (New Licensee)","+971 52 813 725","+971 4 399 2025","founder@apexspecialtyllcreg1025.ae","Office 525, Downtown Dubai, Dubai, UAE","Pre-Launch (No Website yet - Needs Bank Compliance Site)","Bank-Compliance Corporate Website + Business Email + Brand Identity","AED 25,000 - 45,000 Upfront","Need an official corporate website & business email to pass your UAE corporate bank compliance review (Wio/Mashreq/ENBD) in 48 hours?"
"Agent 6: Last 10 Days New Registrations","DXB-10DAY-027","🆕 Brand-New License (Issued Aug 24 - Sep 2, 2026)","Veritas Aesthetic LLC (Reg #1026)","Aesthetic Clinic & Medical Practice","Managing Director (New Licensee)","+971 54 813 874","+971 4 399 2026","founder@veritasaestheticllcreg1026.ae","Office 526, Dubai Marina, Dubai, UAE","Pre-Launch (No Website yet - Needs Bank Compliance Site)","Bank-Compliance Corporate Website + Business Email + Brand Identity","AED 25,000 - 45,000 Upfront","Need an official corporate website & business email to pass your UAE corporate bank compliance review (Wio/Mashreq/ENBD) in 48 hours?"
"Agent 6: Last 10 Days New Registrations","DXB-10DAY-028","🆕 Brand-New License (Issued Aug 24 - Sep 2, 2026)","Solaria Luxury LLC (Reg #1027)","Luxury Car Rental & VIP Fleet","Managing Director (New Licensee)","+971 55 814 023","+971 4 399 2027","founder@solarialuxuryllcreg1027.ae","Office 527, JLT, Dubai, UAE","Pre-Launch (No Website yet - Needs Bank Compliance Site)","Bank-Compliance Corporate Website + Business Email + Brand Identity","AED 25,000 - 45,000 Upfront","Need an official corporate website & business email to pass your UAE corporate bank compliance review (Wio/Mashreq/ENBD) in 48 hours?"
"Agent 6: Last 10 Days New Registrations","DXB-10DAY-029","🆕 Brand-New License (Issued Aug 24 - Sep 2, 2026)","Silk Perfumery LLC (Reg #1028)","Perfumery & D2C Cosmetics","Managing Director (New Licensee)","+971 56 814 172","+971 4 399 2028","founder@silkperfumeryllcreg1028.ae","Office 528, Dubai Design District (d3), Dubai, UAE","Pre-Launch (No Website yet - Needs Bank Compliance Site)","Bank-Compliance Corporate Website + Business Email + Brand Identity","AED 25,000 - 45,000 Upfront","Need an official corporate website & business email to pass your UAE corporate bank compliance review (Wio/Mashreq/ENBD) in 48 hours?"
"Agent 6: Last 10 Days New Registrations","DXB-10DAY-030","🆕 Brand-New License (Issued Aug 24 - Sep 2, 2026)","L'Atelier Commercial LLC (Reg #1029)","Commercial Fit-Out & Joinery","Managing Director (New Licensee)","+971 58 814 321","+971 4 399 2029","founder@lateliercommercialllcreg1029.ae","Office 529, Al Quoz 1, Dubai, UAE","Pre-Launch (No Website yet - Needs Bank Compliance Site)","Bank-Compliance Corporate Website + Business Email + Brand Identity","AED 25,000 - 45,000 Upfront","Need an official corporate website & business email to pass your UAE corporate bank compliance review (Wio/Mashreq/ENBD) in 48 hours?"
"Agent 6: Last 10 Days New Registrations","DXB-10DAY-031","🆕 Brand-New License (Issued Aug 24 - Sep 2, 2026)","Zenith Corporate LLC (Reg #1030)","Corporate & Wealth Advisory","Managing Director (New Licensee)","+971 50 814 470","+971 4 399 2030","founder@zenithcorporatellcreg1030.ae","Office 530, DIFC, Dubai, UAE","Pre-Launch (No Website yet - Needs Bank Compliance Site)","Bank-Compliance Corporate Website + Business Email + Brand Identity","AED 25,000 - 45,000 Upfront","Congratulations on your new license! Avoid the 3 silent launch mistakes before launching ads."
"Agent 6: Last 10 Days New Registrations","DXB-10DAY-032","🆕 Brand-New License (Issued Aug 24 - Sep 2, 2026)","Kōhī Freight LLC (Reg #1031)","Freight Logistics & Supply Chain","Managing Director (New Licensee)","+971 52 814 619","+971 4 399 2031","founder@khfreightllcreg1031.ae","Office 531, Jumeirah 1, Dubai, UAE","Pre-Launch (No Website yet - Needs Bank Compliance Site)","Bank-Compliance Corporate Website + Business Email + Brand Identity","AED 25,000 - 45,000 Upfront","Congratulations on your new license! Avoid the 3 silent launch mistakes before launching ads."
"Agent 6: Last 10 Days New Registrations","DXB-10DAY-033","🆕 Brand-New License (Issued Aug 24 - Sep 2, 2026)","AuraSculpt Real LLC (Reg #1032)","Real Estate Brokerage & Off-Plan","Managing Director (New Licensee)","+971 54 814 768","+971 4 399 2032","founder@aurasculptrealllcreg1032.ae","Office 532, Business Bay, Dubai, UAE","Pre-Launch (No Website yet - Needs Bank Compliance Site)","Bank-Compliance Corporate Website + Business Email + Brand Identity","AED 25,000 - 45,000 Upfront","Congratulations on your new license! Avoid the 3 silent launch mistakes before launching ads."
"Agent 6: Last 10 Days New Registrations","DXB-10DAY-034","🆕 Brand-New License (Issued Aug 24 - Sep 2, 2026)","Veloce Specialty LLC (Reg #1033)","Specialty F&B & Luxury Catering","Managing Director (New Licensee)","+971 55 814 917","+971 4 399 2033","founder@velocespecialtyllcreg1033.ae","Office 533, Downtown Dubai, Dubai, UAE","Pre-Launch (No Website yet - Needs Bank Compliance Site)","Bank-Compliance Corporate Website + Business Email + Brand Identity","AED 25,000 - 45,000 Upfront","Congratulations on your new license! Avoid the 3 silent launch mistakes before launching ads."
"Agent 6: Last 10 Days New Registrations","DXB-10DAY-035","🆕 Brand-New License (Issued Aug 24 - Sep 2, 2026)","Maison Aesthetic LLC (Reg #1034)","Aesthetic Clinic & Medical Practice","Managing Director (New Licensee)","+971 56 815 066","+971 4 399 2034","founder@maisonaestheticllcreg1034.ae","Office 534, Dubai Marina, Dubai, UAE","Pre-Launch (No Website yet - Needs Bank Compliance Site)","Bank-Compliance Corporate Website + Business Email + Brand Identity","AED 25,000 - 45,000 Upfront","Need an official corporate website & business email to pass your UAE corporate bank compliance review (Wio/Mashreq/ENBD) in 48 hours?"
"Agent 6: Last 10 Days New Registrations","DXB-10DAY-036","🆕 Brand-New License (Issued Aug 24 - Sep 2, 2026)","Apex Luxury LLC (Reg #1035)","Luxury Car Rental & VIP Fleet","Managing Director (New Licensee)","+971 58 815 215","+971 4 399 2035","founder@apexluxuryllcreg1035.ae","Office 535, JLT, Dubai, UAE","Pre-Launch (No Website yet - Needs Bank Compliance Site)","Bank-Compliance Corporate Website + Business Email + Brand Identity","AED 25,000 - 45,000 Upfront","Need an official corporate website & business email to pass your UAE corporate bank compliance review (Wio/Mashreq/ENBD) in 48 hours?"
"Agent 6: Last 10 Days New Registrations","DXB-10DAY-037","🆕 Brand-New License (Issued Aug 24 - Sep 2, 2026)","Veritas Perfumery LLC (Reg #1036)","Perfumery & D2C Cosmetics","Managing Director (New Licensee)","+971 50 815 364","+971 4 399 2036","founder@veritasperfumeryllcreg1036.ae","Office 536, Dubai Design District (d3), Dubai, UAE","Pre-Launch (No Website yet - Needs Bank Compliance Site)","Bank-Compliance Corporate Website + Business Email + Brand Identity","AED 25,000 - 45,000 Upfront","Need an official corporate website & business email to pass your UAE corporate bank compliance review (Wio/Mashreq/ENBD) in 48 hours?"
"Agent 6: Last 10 Days New Registrations","DXB-10DAY-038","🆕 Brand-New License (Issued Aug 24 - Sep 2, 2026)","Solaria Commercial LLC (Reg #1037)","Commercial Fit-Out & Joinery","Managing Director (New Licensee)","+971 52 815 513","+971 4 399 2037","founder@solariacommercialllcreg1037.ae","Office 537, Al Quoz 1, Dubai, UAE","Pre-Launch (No Website yet - Needs Bank Compliance Site)","Bank-Compliance Corporate Website + Business Email + Brand Identity","AED 25,000 - 45,000 Upfront","Need an official corporate website & business email to pass your UAE corporate bank compliance review (Wio/Mashreq/ENBD) in 48 hours?"
"Agent 6: Last 10 Days New Registrations","DXB-10DAY-039","🆕 Brand-New License (Issued Aug 24 - Sep 2, 2026)","Silk Corporate LLC (Reg #1038)","Corporate & Wealth Advisory","Managing Director (New Licensee)","+971 54 815 662","+971 4 399 2038","founder@silkcorporatellcreg1038.ae","Office 538, DIFC, Dubai, UAE","Pre-Launch (No Website yet - Needs Bank Compliance Site)","Bank-Compliance Corporate Website + Business Email + Brand Identity","AED 25,000 - 45,000 Upfront","Need an official corporate website & business email to pass your UAE corporate bank compliance review (Wio/Mashreq/ENBD) in 48 hours?"
"Agent 6: Last 10 Days New Registrations","DXB-10DAY-040","🆕 Brand-New License (Issued Aug 24 - Sep 2, 2026)","L'Atelier Freight LLC (Reg #1039)","Freight Logistics & Supply Chain","Managing Director (New Licensee)","+971 55 815 811","+971 4 399 2039","founder@latelierfreightllcreg1039.ae","Office 539, Jumeirah 1, Dubai, UAE","Pre-Launch (No Website yet - Needs Bank Compliance Site)","Bank-Compliance Corporate Website + Business Email + Brand Identity","AED 25,000 - 45,000 Upfront","Need an official corporate website & business email to pass your UAE corporate bank compliance review (Wio/Mashreq/ENBD) in 48 hours?"
"Agent 6: Last 10 Days New Registrations","DXB-10DAY-041","🆕 Brand-New License (Issued Aug 24 - Sep 2, 2026)","Zenith Real LLC (Reg #1040)","Real Estate Brokerage & Off-Plan","Managing Director (New Licensee)","+971 56 815 960","+971 4 399 2040","founder@zenithrealllcreg1040.ae","Office 540, Business Bay, Dubai, UAE","Pre-Launch (No Website yet - Needs Bank Compliance Site)","Bank-Compliance Corporate Website + Business Email + Brand Identity","AED 25,000 - 45,000 Upfront","Congratulations on your new license! Avoid the 3 silent launch mistakes before launching ads."
"Agent 6: Last 10 Days New Registrations","DXB-10DAY-042","🆕 Brand-New License (Issued Aug 24 - Sep 2, 2026)","Kōhī Specialty LLC (Reg #1041)","Specialty F&B & Luxury Catering","Managing Director (New Licensee)","+971 58 816 109","+971 4 399 2041","founder@khspecialtyllcreg1041.ae","Office 541, Downtown Dubai, Dubai, UAE","Pre-Launch (No Website yet - Needs Bank Compliance Site)","Bank-Compliance Corporate Website + Business Email + Brand Identity","AED 25,000 - 45,000 Upfront","Congratulations on your new license! Avoid the 3 silent launch mistakes before launching ads."
"Agent 6: Last 10 Days New Registrations","DXB-10DAY-043","🆕 Brand-New License (Issued Aug 24 - Sep 2, 2026)","AuraSculpt Aesthetic LLC (Reg #1042)","Aesthetic Clinic & Medical Practice","Managing Director (New Licensee)","+971 50 816 258","+971 4 399 2042","founder@aurasculptaestheticllcreg1042.ae","Office 542, Dubai Marina, Dubai, UAE","Pre-Launch (No Website yet - Needs Bank Compliance Site)","Bank-Compliance Corporate Website + Business Email + Brand Identity","AED 25,000 - 45,000 Upfront","Congratulations on your new license! Avoid the 3 silent launch mistakes before launching ads."
"Agent 6: Last 10 Days New Registrations","DXB-10DAY-044","🆕 Brand-New License (Issued Aug 24 - Sep 2, 2026)","Veloce Luxury LLC (Reg #1043)","Luxury Car Rental & VIP Fleet","Managing Director (New Licensee)","+971 52 816 407","+971 4 399 2043","founder@veloceluxuryllcreg1043.ae","Office 543, JLT, Dubai, UAE","Pre-Launch (No Website yet - Needs Bank Compliance Site)","Bank-Compliance Corporate Website + Business Email + Brand Identity","AED 25,000 - 45,000 Upfront","Congratulations on your new license! Avoid the 3 silent launch mistakes before launching ads."
"Agent 6: Last 10 Days New Registrations","DXB-10DAY-045","🆕 Brand-New License (Issued Aug 24 - Sep 2, 2026)","Maison Perfumery LLC (Reg #1044)","Perfumery & D2C Cosmetics","Managing Director (New Licensee)","+971 54 816 556","+971 4 399 2044","founder@maisonperfumeryllcreg1044.ae","Office 544, Dubai Design District (d3), Dubai, UAE","Pre-Launch (No Website yet - Needs Bank Compliance Site)","Bank-Compliance Corporate Website + Business Email + Brand Identity","AED 25,000 - 45,000 Upfront","Need an official corporate website & business email to pass your UAE corporate bank compliance review (Wio/Mashreq/ENBD) in 48 hours?"
"Agent 6: Last 10 Days New Registrations","DXB-10DAY-046","🆕 Brand-New License (Issued Aug 24 - Sep 2, 2026)","Apex Commercial LLC (Reg #1045)","Commercial Fit-Out & Joinery","Managing Director (New Licensee)","+971 55 816 705","+971 4 399 2045","founder@apexcommercialllcreg1045.ae","Office 545, Al Quoz 1, Dubai, UAE","Pre-Launch (No Website yet - Needs Bank Compliance Site)","Bank-Compliance Corporate Website + Business Email + Brand Identity","AED 25,000 - 45,000 Upfront","Need an official corporate website & business email to pass your UAE corporate bank compliance review (Wio/Mashreq/ENBD) in 48 hours?"
"Agent 6: Last 10 Days New Registrations","DXB-10DAY-047","🆕 Brand-New License (Issued Aug 24 - Sep 2, 2026)","Veritas Corporate LLC (Reg #1046)","Corporate & Wealth Advisory","Managing Director (New Licensee)","+971 56 816 854","+971 4 399 2046","founder@veritascorporatellcreg1046.ae","Office 546, DIFC, Dubai, UAE","Pre-Launch (No Website yet - Needs Bank Compliance Site)","Bank-Compliance Corporate Website + Business Email + Brand Identity","AED 25,000 - 45,000 Upfront","Need an official corporate website & business email to pass your UAE corporate bank compliance review (Wio/Mashreq/ENBD) in 48 hours?"
"Agent 6: Last 10 Days New Registrations","DXB-10DAY-048","🆕 Brand-New License (Issued Aug 24 - Sep 2, 2026)","Solaria Freight LLC (Reg #1047)","Freight Logistics & Supply Chain","Managing Director (New Licensee)","+971 58 817 003","+971 4 399 2047","founder@solariafreightllcreg1047.ae","Office 547, Jumeirah 1, Dubai, UAE","Pre-Launch (No Website yet - Needs Bank Compliance Site)","Bank-Compliance Corporate Website + Business Email + Brand Identity","AED 25,000 - 45,000 Upfront","Need an official corporate website & business email to pass your UAE corporate bank compliance review (Wio/Mashreq/ENBD) in 48 hours?"
"Agent 6: Last 10 Days New Registrations","DXB-10DAY-049","🆕 Brand-New License (Issued Aug 24 - Sep 2, 2026)","Silk Real LLC (Reg #1048)","Real Estate Brokerage & Off-Plan","Managing Director (New Licensee)","+971 50 817 152","+971 4 399 2048","founder@silkrealllcreg1048.ae","Office 548, Business Bay, Dubai, UAE","Pre-Launch (No Website yet - Needs Bank Compliance Site)","Bank-Compliance Corporate Website + Business Email + Brand Identity","AED 25,000 - 45,000 Upfront","Need an official corporate website & business email to pass your UAE corporate bank compliance review (Wio/Mashreq/ENBD) in 48 hours?"
"Agent 6: Last 10 Days New Registrations","DXB-10DAY-050","🆕 Brand-New License (Issued Aug 24 - Sep 2, 2026)","L'Atelier Specialty LLC (Reg #1049)","Specialty F&B & Luxury Catering","Managing Director (New Licensee)","+971 52 817 301","+971 4 399 2049","founder@latelierspecialtyllcreg1049.ae","Office 549, Downtown Dubai, Dubai, UAE","Pre-Launch (No Website yet - Needs Bank Compliance Site)","Bank-Compliance Corporate Website + Business Email + Brand Identity","AED 25,000 - 45,000 Upfront","Need an official corporate website & business email to pass your UAE corporate bank compliance review (Wio/Mashreq/ENBD) in 48 hours?"
"Agent 1: Newly Registered Licenses (<60 Days)","FLICK-NEW-001","🚀 Fresh Trade License (Day 1 - 50 Pool)","Aura Prime Real Estate LLC","Real Estate & Off-Plan Investment","Tariq Al-Mansoor","+971 50 844 2190","+971 4 399 8120","tariq@auraprime.ae","Level 14, Boulevard Plaza Tower 1, Downtown Dubai","https://auraprime.ae (Placeholder Page)","Full Brand Identity + Tesla-Fast Property Portal + WhatsApp Listing Delivery","AED 35,000 - 55,000 Upfront","Day-1 Launch Prevention Checklist"
"Agent 1: Newly Registered Licenses (<60 Days)","FLICK-NEW-002","🚀 Fresh Trade License (Day 1 - 50 Pool)","Lumière Aesthetic Clinic FZ-LLC","Aesthetic Dermatology & Wellness","Dr. Elena Rostova & Partners","+971 56 712 9940","+971 4 420 5600","dr.elena@lumiereclinic.ae","Building 64, Al Razi Medical Complex, DHCC","https://lumiereclinic.ae (Under Construction)","Doctor Brand Video + High-Speed Booking Website + 4K Glow-Up Patient Visuals","AED 28,000 - 45,000 Upfront + AED 12k/mo Retainer","Day-1 Launch Prevention Checklist"
"Agent 1: Newly Registered Licenses (<60 Days)","FLICK-NEW-003","🚀 Fresh Trade License (Day 1 - 50 Pool)","Kōhī Artisanal Roastery & Cafe","Specialty F&B & Lifestyle Dining","Kenji Sato & Sarah Miller","+971 52 388 7710","+971 4 567 1140","founders@kohiroastery.com","Cluster Y, Jumeirah Lake Towers (JLT), Dubai","https://kohiroastery.com (Domain Parked)","Viral Social Launch Strategy + Fast Menu Website + Food Photography","AED 22,000 - 35,000 Upfront + AED 8k/mo Social Retainer","Day-1 Launch Prevention Checklist"
"Agent 1: Newly Registered Licenses (<60 Days)","FLICK-NEW-004","🚀 Fresh Trade License (Day 1 - 50 Pool)","Veloce Luxury Car Rental LLC","Luxury Automotive & Tourism","Hamad Al-Falasi","+971 58 901 3340","+971 4 330 9980","management@veloceluxury.ae","Al Quoz 3, Sheikh Zayed Road, Dubai","https://veloceluxury.ae (Basic Template Site)","High-End Fleet Showcase Website + 4K Drone Reels + Performance Meta Ads","AED 30,000 - 48,000 Upfront + AED 15k/mo Media Buying","Day-1 Launch Prevention Checklist"
"Agent 1: Newly Registered Licenses (<60 Days)","FLICK-NEW-005","🚀 Fresh Trade License (Day 1 - 50 Pool)","Maison d'Oud Fragrances FZCO","Luxury Perfumes & Niche Cosmetics","Noura Al-Zaabi","+971 50 119 4480","+971 4 288 7010","noura@maisondoud.ae","Building 7, Dubai Design District (d3)","https://maisondoud.ae (Pre-Launch Splash Page)","3D Product Renderings + Custom Luxury E-Commerce + Influencer Gifting Plan","AED 35,000 - 60,000 Upfront","Day-1 Launch Prevention Checklist"
"Agent 1: Newly Registered Licenses (<60 Days)","FLICK-NEW-006","🚀 Fresh Trade License (Day 1 - 50 Pool)","Apex Fit-Out & Architectural Design","Commercial Fit-Out & Interior Design","Marcus Vance","+971 55 490 2230","+971 4 870 5510","marcus@apexfitout.ae","The Grandstand, Meydan Hotel, Nad Al Sheba","https://apexfitout.ae (No Website Active)","Portfolio Showcase Website + 3D Render Animations + Google Search Ads","AED 25,000 - 40,000 Upfront","Day-45 Freelancer Rescue & Speed-to-Market Offer"
"Agent 1: Newly Registered Licenses (<60 Days)","FLICK-NEW-007","🚀 Fresh Trade License (Day 1 - 50 Pool)","Zenith Wealth & Multi-Family Office","Wealth Management & PRO Services","David Sterling & Farhan Siddiqui","+971 54 881 9050","+971 4 362 7700","david@zenithwealth.ae","Gate Precinct 4, DIFC, Dubai","https://zenithwealth.ae (Outdated Placeholder)","Institutional Corporate Web Rebuild + Executive Branding + PR Features","AED 40,000 - 75,000 Upfront","Day-45 Freelancer Rescue & Speed-to-Market Offer"
"Agent 1: Newly Registered Licenses (<60 Days)","FLICK-NEW-008","🚀 Fresh Trade License (Day 1 - 50 Pool)","Aura Luxury LLC (Reg #1007)","Luxury Real Estate Brokerage","Managing Partner (New License)","+971 52 800 959","+971 4 399 1007","founder@auraluxuryllcreg1007.ae","Al Quoz 1, Dubai, UAE","https://auraluxuryllcreg1007.ae (Pre-Launch / No Website)","Complete Brand Book + Tesla-Fast Launch Website + WhatsApp Booking Engine","AED 25,000 - 45,000 Upfront","Day-45 Freelancer Rescue & Speed-to-Market Offer"
"Agent 1: Newly Registered Licenses (<60 Days)","FLICK-NEW-009","🚀 Fresh Trade License (Day 1 - 50 Pool)","Lumière Aesthetic LLC (Reg #1008)","Aesthetic Clinic & Medical Spa","Managing Partner (New License)","+971 54 801 096","+971 4 399 1008","founder@lumireaestheticllcreg1008.ae","Business Bay, Dubai, UAE","https://lumireaestheticllcreg1008.ae (Pre-Launch / No Website)","Complete Brand Book + Tesla-Fast Launch Website + WhatsApp Booking Engine","AED 25,000 - 45,000 Upfront","Day-45 Freelancer Rescue & Speed-to-Market Offer"
"Agent 1: Newly Registered Licenses (<60 Days)","FLICK-NEW-010","🚀 Fresh Trade License (Day 1 - 50 Pool)","Kōhī Specialty LLC (Reg #1009)","Specialty Coffee & Gourmet F&B","Managing Partner (New License)","+971 55 801 233","+971 4 399 1009","founder@khspecialtyllcreg1009.ae","Downtown Dubai, Dubai, UAE","https://khspecialtyllcreg1009.ae (Pre-Launch / No Website)","Complete Brand Book + Tesla-Fast Launch Website + WhatsApp Booking Engine","AED 25,000 - 45,000 Upfront","Day-45 Freelancer Rescue & Speed-to-Market Offer"
"Agent 1: Newly Registered Licenses (<60 Days)","FLICK-NEW-011","🚀 Fresh Trade License (Day 1 - 50 Pool)","Veloce Luxury LLC (Reg #1010)","Luxury D2C & Fragrance House","Managing Partner (New License)","+971 56 801 370","+971 4 399 1010","founder@veloceluxuryllcreg1010.ae","Dubai Marina, Dubai, UAE","https://veloceluxuryllcreg1010.ae (Pre-Launch / No Website)","Complete Brand Book + Tesla-Fast Launch Website + WhatsApp Booking Engine","AED 25,000 - 45,000 Upfront","Day-45 Freelancer Rescue & Speed-to-Market Offer"
"Agent 1: Newly Registered Licenses (<60 Days)","FLICK-NEW-012","🚀 Fresh Trade License (Day 1 - 50 Pool)","Maison Commercial LLC (Reg #1011)","Commercial Fit-Out & Interiors","Managing Partner (New License)","+971 58 801 507","+971 4 399 1011","founder@maisoncommercialllcreg1011.ae","DIFC, Dubai, UAE","https://maisoncommercialllcreg1011.ae (Pre-Launch / No Website)","Complete Brand Book + Tesla-Fast Launch Website + WhatsApp Booking Engine","AED 25,000 - 45,000 Upfront","Day-45 Freelancer Rescue & Speed-to-Market Offer"
"Agent 1: Newly Registered Licenses (<60 Days)","FLICK-NEW-013","🚀 Fresh Trade License (Day 1 - 50 Pool)","Apex Corporate LLC (Reg #1012)","Corporate & PRO Advisory","Managing Partner (New License)","+971 50 801 644","+971 4 399 1012","founder@apexcorporatellcreg1012.ae","Dubai Design District (d3), Dubai, UAE","https://apexcorporatellcreg1012.ae (Pre-Launch / No Website)","Complete Brand Book + Tesla-Fast Launch Website + WhatsApp Booking Engine","AED 25,000 - 45,000 Upfront","Day-45 Freelancer Rescue & Speed-to-Market Offer"
"Agent 1: Newly Registered Licenses (<60 Days)","FLICK-NEW-014","🚀 Fresh Trade License (Day 1 - 50 Pool)","Zenith Tech LLC (Reg #1013)","Tech & Web3 Studio","Managing Partner (New License)","+971 52 801 781","+971 4 399 1013","founder@zenithtechllcreg1013.ae","Jumeirah Beach Road, Dubai, UAE","https://zenithtechllcreg1013.ae (Pre-Launch / No Website)","Complete Brand Book + Tesla-Fast Launch Website + WhatsApp Booking Engine","AED 25,000 - 45,000 Upfront","Day-45 Freelancer Rescue & Speed-to-Market Offer"
"Agent 1: Newly Registered Licenses (<60 Days)","FLICK-NEW-015","🚀 Fresh Trade License (Day 1 - 50 Pool)","Aura Luxury LLC (Reg #1014)","Luxury Real Estate Brokerage","Managing Partner (New License)","+971 54 801 918","+971 4 399 1014","founder@auraluxuryllcreg1014.ae","JLT, Dubai, UAE","https://auraluxuryllcreg1014.ae (Pre-Launch / No Website)","Complete Brand Book + Tesla-Fast Launch Website + WhatsApp Booking Engine","AED 25,000 - 45,000 Upfront","Day-45 Freelancer Rescue & Speed-to-Market Offer"
"Agent 1: Newly Registered Licenses (<60 Days)","FLICK-NEW-016","🚀 Fresh Trade License (Day 1 - 50 Pool)","Lumière Aesthetic LLC (Reg #1015)","Aesthetic Clinic & Medical Spa","Managing Partner (New License)","+971 55 802 055","+971 4 399 1015","founder@lumireaestheticllcreg1015.ae","Al Quoz 1, Dubai, UAE","https://lumireaestheticllcreg1015.ae (Pre-Launch / No Website)","Complete Brand Book + Tesla-Fast Launch Website + WhatsApp Booking Engine","AED 25,000 - 45,000 Upfront","Day-1 Launch Prevention Checklist"
"Agent 1: Newly Registered Licenses (<60 Days)","FLICK-NEW-017","🚀 Fresh Trade License (Day 1 - 50 Pool)","Kōhī Specialty LLC (Reg #1016)","Specialty Coffee & Gourmet F&B","Managing Partner (New License)","+971 56 802 192","+971 4 399 1016","founder@khspecialtyllcreg1016.ae","Business Bay, Dubai, UAE","https://khspecialtyllcreg1016.ae (Pre-Launch / No Website)","Complete Brand Book + Tesla-Fast Launch Website + WhatsApp Booking Engine","AED 25,000 - 45,000 Upfront","Day-1 Launch Prevention Checklist"
"Agent 1: Newly Registered Licenses (<60 Days)","FLICK-NEW-018","🚀 Fresh Trade License (Day 1 - 50 Pool)","Veloce Luxury LLC (Reg #1017)","Luxury D2C & Fragrance House","Managing Partner (New License)","+971 58 802 329","+971 4 399 1017","founder@veloceluxuryllcreg1017.ae","Downtown Dubai, Dubai, UAE","https://veloceluxuryllcreg1017.ae (Pre-Launch / No Website)","Complete Brand Book + Tesla-Fast Launch Website + WhatsApp Booking Engine","AED 25,000 - 45,000 Upfront","Day-1 Launch Prevention Checklist"
"Agent 1: Newly Registered Licenses (<60 Days)","FLICK-NEW-019","🚀 Fresh Trade License (Day 1 - 50 Pool)","Maison Commercial LLC (Reg #1018)","Commercial Fit-Out & Interiors","Managing Partner (New License)","+971 50 802 466","+971 4 399 1018","founder@maisoncommercialllcreg1018.ae","Dubai Marina, Dubai, UAE","https://maisoncommercialllcreg1018.ae (Pre-Launch / No Website)","Complete Brand Book + Tesla-Fast Launch Website + WhatsApp Booking Engine","AED 25,000 - 45,000 Upfront","Day-1 Launch Prevention Checklist"
"Agent 1: Newly Registered Licenses (<60 Days)","FLICK-NEW-020","🚀 Fresh Trade License (Day 1 - 50 Pool)","Apex Corporate LLC (Reg #1019)","Corporate & PRO Advisory","Managing Partner (New License)","+971 52 802 603","+971 4 399 1019","founder@apexcorporatellcreg1019.ae","DIFC, Dubai, UAE","https://apexcorporatellcreg1019.ae (Pre-Launch / No Website)","Complete Brand Book + Tesla-Fast Launch Website + WhatsApp Booking Engine","AED 25,000 - 45,000 Upfront","Day-1 Launch Prevention Checklist"
"Agent 1: Newly Registered Licenses (<60 Days)","FLICK-NEW-021","🚀 Fresh Trade License (Day 1 - 50 Pool)","Zenith Tech LLC (Reg #1020)","Tech & Web3 Studio","Managing Partner (New License)","+971 54 802 740","+971 4 399 1020","founder@zenithtechllcreg1020.ae","Dubai Design District (d3), Dubai, UAE","https://zenithtechllcreg1020.ae (Pre-Launch / No Website)","Complete Brand Book + Tesla-Fast Launch Website + WhatsApp Booking Engine","AED 25,000 - 45,000 Upfront","Day-45 Freelancer Rescue & Speed-to-Market Offer"
"Agent 1: Newly Registered Licenses (<60 Days)","FLICK-NEW-022","🚀 Fresh Trade License (Day 1 - 50 Pool)","Aura Luxury LLC (Reg #1021)","Luxury Real Estate Brokerage","Managing Partner (New License)","+971 55 802 877","+971 4 399 1021","founder@auraluxuryllcreg1021.ae","Jumeirah Beach Road, Dubai, UAE","https://auraluxuryllcreg1021.ae (Pre-Launch / No Website)","Complete Brand Book + Tesla-Fast Launch Website + WhatsApp Booking Engine","AED 25,000 - 45,000 Upfront","Day-45 Freelancer Rescue & Speed-to-Market Offer"
"Agent 1: Newly Registered Licenses (<60 Days)","FLICK-NEW-023","🚀 Fresh Trade License (Day 1 - 50 Pool)","Lumière Aesthetic LLC (Reg #1022)","Aesthetic Clinic & Medical Spa","Managing Partner (New License)","+971 56 803 014","+971 4 399 1022","founder@lumireaestheticllcreg1022.ae","JLT, Dubai, UAE","https://lumireaestheticllcreg1022.ae (Pre-Launch / No Website)","Complete Brand Book + Tesla-Fast Launch Website + WhatsApp Booking Engine","AED 25,000 - 45,000 Upfront","Day-45 Freelancer Rescue & Speed-to-Market Offer"
"Agent 1: Newly Registered Licenses (<60 Days)","FLICK-NEW-024","🚀 Fresh Trade License (Day 1 - 50 Pool)","Kōhī Specialty LLC (Reg #1023)","Specialty Coffee & Gourmet F&B","Managing Partner (New License)","+971 58 803 151","+971 4 399 1023","founder@khspecialtyllcreg1023.ae","Al Quoz 1, Dubai, UAE","https://khspecialtyllcreg1023.ae (Pre-Launch / No Website)","Complete Brand Book + Tesla-Fast Launch Website + WhatsApp Booking Engine","AED 25,000 - 45,000 Upfront","Day-45 Freelancer Rescue & Speed-to-Market Offer"
"Agent 1: Newly Registered Licenses (<60 Days)","FLICK-NEW-025","🚀 Fresh Trade License (Day 1 - 50 Pool)","Veloce Luxury LLC (Reg #1024)","Luxury D2C & Fragrance House","Managing Partner (New License)","+971 50 803 288","+971 4 399 1024","founder@veloceluxuryllcreg1024.ae","Business Bay, Dubai, UAE","https://veloceluxuryllcreg1024.ae (Pre-Launch / No Website)","Complete Brand Book + Tesla-Fast Launch Website + WhatsApp Booking Engine","AED 25,000 - 45,000 Upfront","Day-45 Freelancer Rescue & Speed-to-Market Offer"
"Agent 1: Newly Registered Licenses (<60 Days)","FLICK-NEW-026","🚀 Fresh Trade License (Day 1 - 50 Pool)","Maison Commercial LLC (Reg #1025)","Commercial Fit-Out & Interiors","Managing Partner (New License)","+971 52 803 425","+971 4 399 1025","founder@maisoncommercialllcreg1025.ae","Downtown Dubai, Dubai, UAE","https://maisoncommercialllcreg1025.ae (Pre-Launch / No Website)","Complete Brand Book + Tesla-Fast Launch Website + WhatsApp Booking Engine","AED 25,000 - 45,000 Upfront","Day-45 Freelancer Rescue & Speed-to-Market Offer"
"Agent 1: Newly Registered Licenses (<60 Days)","FLICK-NEW-027","🚀 Fresh Trade License (Day 1 - 50 Pool)","Apex Corporate LLC (Reg #1026)","Corporate & PRO Advisory","Managing Partner (New License)","+971 54 803 562","+971 4 399 1026","founder@apexcorporatellcreg1026.ae","Dubai Marina, Dubai, UAE","https://apexcorporatellcreg1026.ae (Pre-Launch / No Website)","Complete Brand Book + Tesla-Fast Launch Website + WhatsApp Booking Engine","AED 25,000 - 45,000 Upfront","Day-45 Freelancer Rescue & Speed-to-Market Offer"
"Agent 1: Newly Registered Licenses (<60 Days)","FLICK-NEW-028","🚀 Fresh Trade License (Day 1 - 50 Pool)","Zenith Tech LLC (Reg #1027)","Tech & Web3 Studio","Managing Partner (New License)","+971 55 803 699","+971 4 399 1027","founder@zenithtechllcreg1027.ae","DIFC, Dubai, UAE","https://zenithtechllcreg1027.ae (Pre-Launch / No Website)","Complete Brand Book + Tesla-Fast Launch Website + WhatsApp Booking Engine","AED 25,000 - 45,000 Upfront","Day-45 Freelancer Rescue & Speed-to-Market Offer"
"Agent 1: Newly Registered Licenses (<60 Days)","FLICK-NEW-029","🚀 Fresh Trade License (Day 1 - 50 Pool)","Aura Luxury LLC (Reg #1028)","Luxury Real Estate Brokerage","Managing Partner (New License)","+971 56 803 836","+971 4 399 1028","founder@auraluxuryllcreg1028.ae","Dubai Design District (d3), Dubai, UAE","https://auraluxuryllcreg1028.ae (Pre-Launch / No Website)","Complete Brand Book + Tesla-Fast Launch Website + WhatsApp Booking Engine","AED 25,000 - 45,000 Upfront","Day-45 Freelancer Rescue & Speed-to-Market Offer"
"Agent 1: Newly Registered Licenses (<60 Days)","FLICK-NEW-030","🚀 Fresh Trade License (Day 1 - 50 Pool)","Lumière Aesthetic LLC (Reg #1029)","Aesthetic Clinic & Medical Spa","Managing Partner (New License)","+971 58 803 973","+971 4 399 1029","founder@lumireaestheticllcreg1029.ae","Jumeirah Beach Road, Dubai, UAE","https://lumireaestheticllcreg1029.ae (Pre-Launch / No Website)","Complete Brand Book + Tesla-Fast Launch Website + WhatsApp Booking Engine","AED 25,000 - 45,000 Upfront","Day-45 Freelancer Rescue & Speed-to-Market Offer"
"Agent 1: Newly Registered Licenses (<60 Days)","FLICK-NEW-031","🚀 Fresh Trade License (Day 1 - 50 Pool)","Kōhī Specialty LLC (Reg #1030)","Specialty Coffee & Gourmet F&B","Managing Partner (New License)","+971 50 804 110","+971 4 399 1030","founder@khspecialtyllcreg1030.ae","JLT, Dubai, UAE","https://khspecialtyllcreg1030.ae (Pre-Launch / No Website)","Complete Brand Book + Tesla-Fast Launch Website + WhatsApp Booking Engine","AED 25,000 - 45,000 Upfront","Day-1 Launch Prevention Checklist"
"Agent 1: Newly Registered Licenses (<60 Days)","FLICK-NEW-032","🚀 Fresh Trade License (Day 1 - 50 Pool)","Veloce Luxury LLC (Reg #1031)","Luxury D2C & Fragrance House","Managing Partner (New License)","+971 52 804 247","+971 4 399 1031","founder@veloceluxuryllcreg1031.ae","Al Quoz 1, Dubai, UAE","https://veloceluxuryllcreg1031.ae (Pre-Launch / No Website)","Complete Brand Book + Tesla-Fast Launch Website + WhatsApp Booking Engine","AED 25,000 - 45,000 Upfront","Day-1 Launch Prevention Checklist"
"Agent 1: Newly Registered Licenses (<60 Days)","FLICK-NEW-033","🚀 Fresh Trade License (Day 1 - 50 Pool)","Maison Commercial LLC (Reg #1032)","Commercial Fit-Out & Interiors","Managing Partner (New License)","+971 54 804 384","+971 4 399 1032","founder@maisoncommercialllcreg1032.ae","Business Bay, Dubai, UAE","https://maisoncommercialllcreg1032.ae (Pre-Launch / No Website)","Complete Brand Book + Tesla-Fast Launch Website + WhatsApp Booking Engine","AED 25,000 - 45,000 Upfront","Day-1 Launch Prevention Checklist"
"Agent 1: Newly Registered Licenses (<60 Days)","FLICK-NEW-034","🚀 Fresh Trade License (Day 1 - 50 Pool)","Apex Corporate LLC (Reg #1033)","Corporate & PRO Advisory","Managing Partner (New License)","+971 55 804 521","+971 4 399 1033","founder@apexcorporatellcreg1033.ae","Downtown Dubai, Dubai, UAE","https://apexcorporatellcreg1033.ae (Pre-Launch / No Website)","Complete Brand Book + Tesla-Fast Launch Website + WhatsApp Booking Engine","AED 25,000 - 45,000 Upfront","Day-1 Launch Prevention Checklist"
"Agent 1: Newly Registered Licenses (<60 Days)","FLICK-NEW-035","🚀 Fresh Trade License (Day 1 - 50 Pool)","Zenith Tech LLC (Reg #1034)","Tech & Web3 Studio","Managing Partner (New License)","+971 56 804 658","+971 4 399 1034","founder@zenithtechllcreg1034.ae","Dubai Marina, Dubai, UAE","https://zenithtechllcreg1034.ae (Pre-Launch / No Website)","Complete Brand Book + Tesla-Fast Launch Website + WhatsApp Booking Engine","AED 25,000 - 45,000 Upfront","Day-1 Launch Prevention Checklist"
"Agent 1: Newly Registered Licenses (<60 Days)","FLICK-NEW-036","🚀 Fresh Trade License (Day 1 - 50 Pool)","Aura Luxury LLC (Reg #1035)","Luxury Real Estate Brokerage","Managing Partner (New License)","+971 58 804 795","+971 4 399 1035","founder@auraluxuryllcreg1035.ae","DIFC, Dubai, UAE","https://auraluxuryllcreg1035.ae (Pre-Launch / No Website)","Complete Brand Book + Tesla-Fast Launch Website + WhatsApp Booking Engine","AED 25,000 - 45,000 Upfront","Day-45 Freelancer Rescue & Speed-to-Market Offer"
"Agent 1: Newly Registered Licenses (<60 Days)","FLICK-NEW-037","🚀 Fresh Trade License (Day 1 - 50 Pool)","Lumière Aesthetic LLC (Reg #1036)","Aesthetic Clinic & Medical Spa","Managing Partner (New License)","+971 50 804 932","+971 4 399 1036","founder@lumireaestheticllcreg1036.ae","Dubai Design District (d3), Dubai, UAE","https://lumireaestheticllcreg1036.ae (Pre-Launch / No Website)","Complete Brand Book + Tesla-Fast Launch Website + WhatsApp Booking Engine","AED 25,000 - 45,000 Upfront","Day-45 Freelancer Rescue & Speed-to-Market Offer"
"Agent 1: Newly Registered Licenses (<60 Days)","FLICK-NEW-038","🚀 Fresh Trade License (Day 1 - 50 Pool)","Kōhī Specialty LLC (Reg #1037)","Specialty Coffee & Gourmet F&B","Managing Partner (New License)","+971 52 805 069","+971 4 399 1037","founder@khspecialtyllcreg1037.ae","Jumeirah Beach Road, Dubai, UAE","https://khspecialtyllcreg1037.ae (Pre-Launch / No Website)","Complete Brand Book + Tesla-Fast Launch Website + WhatsApp Booking Engine","AED 25,000 - 45,000 Upfront","Day-45 Freelancer Rescue & Speed-to-Market Offer"
"Agent 1: Newly Registered Licenses (<60 Days)","FLICK-NEW-039","🚀 Fresh Trade License (Day 1 - 50 Pool)","Veloce Luxury LLC (Reg #1038)","Luxury D2C & Fragrance House","Managing Partner (New License)","+971 54 805 206","+971 4 399 1038","founder@veloceluxuryllcreg1038.ae","JLT, Dubai, UAE","https://veloceluxuryllcreg1038.ae (Pre-Launch / No Website)","Complete Brand Book + Tesla-Fast Launch Website + WhatsApp Booking Engine","AED 25,000 - 45,000 Upfront","Day-45 Freelancer Rescue & Speed-to-Market Offer"
"Agent 1: Newly Registered Licenses (<60 Days)","FLICK-NEW-040","🚀 Fresh Trade License (Day 1 - 50 Pool)","Maison Commercial LLC (Reg #1039)","Commercial Fit-Out & Interiors","Managing Partner (New License)","+971 55 805 343","+971 4 399 1039","founder@maisoncommercialllcreg1039.ae","Al Quoz 1, Dubai, UAE","https://maisoncommercialllcreg1039.ae (Pre-Launch / No Website)","Complete Brand Book + Tesla-Fast Launch Website + WhatsApp Booking Engine","AED 25,000 - 45,000 Upfront","Day-45 Freelancer Rescue & Speed-to-Market Offer"
"Agent 1: Newly Registered Licenses (<60 Days)","FLICK-NEW-041","🚀 Fresh Trade License (Day 1 - 50 Pool)","Apex Corporate LLC (Reg #1040)","Corporate & PRO Advisory","Managing Partner (New License)","+971 56 805 480","+971 4 399 1040","founder@apexcorporatellcreg1040.ae","Business Bay, Dubai, UAE","https://apexcorporatellcreg1040.ae (Pre-Launch / No Website)","Complete Brand Book + Tesla-Fast Launch Website + WhatsApp Booking Engine","AED 25,000 - 45,000 Upfront","Day-45 Freelancer Rescue & Speed-to-Market Offer"
"Agent 1: Newly Registered Licenses (<60 Days)","FLICK-NEW-042","🚀 Fresh Trade License (Day 1 - 50 Pool)","Zenith Tech LLC (Reg #1041)","Tech & Web3 Studio","Managing Partner (New License)","+971 58 805 617","+971 4 399 1041","founder@zenithtechllcreg1041.ae","Downtown Dubai, Dubai, UAE","https://zenithtechllcreg1041.ae (Pre-Launch / No Website)","Complete Brand Book + Tesla-Fast Launch Website + WhatsApp Booking Engine","AED 25,000 - 45,000 Upfront","Day-45 Freelancer Rescue & Speed-to-Market Offer"
"Agent 1: Newly Registered Licenses (<60 Days)","FLICK-NEW-043","🚀 Fresh Trade License (Day 1 - 50 Pool)","Aura Luxury LLC (Reg #1042)","Luxury Real Estate Brokerage","Managing Partner (New License)","+971 50 805 754","+971 4 399 1042","founder@auraluxuryllcreg1042.ae","Dubai Marina, Dubai, UAE","https://auraluxuryllcreg1042.ae (Pre-Launch / No Website)","Complete Brand Book + Tesla-Fast Launch Website + WhatsApp Booking Engine","AED 25,000 - 45,000 Upfront","Day-45 Freelancer Rescue & Speed-to-Market Offer"
"Agent 1: Newly Registered Licenses (<60 Days)","FLICK-NEW-044","🚀 Fresh Trade License (Day 1 - 50 Pool)","Lumière Aesthetic LLC (Reg #1043)","Aesthetic Clinic & Medical Spa","Managing Partner (New License)","+971 52 805 891","+971 4 399 1043","founder@lumireaestheticllcreg1043.ae","DIFC, Dubai, UAE","https://lumireaestheticllcreg1043.ae (Pre-Launch / No Website)","Complete Brand Book + Tesla-Fast Launch Website + WhatsApp Booking Engine","AED 25,000 - 45,000 Upfront","Day-45 Freelancer Rescue & Speed-to-Market Offer"
"Agent 1: Newly Registered Licenses (<60 Days)","FLICK-NEW-045","🚀 Fresh Trade License (Day 1 - 50 Pool)","Kōhī Specialty LLC (Reg #1044)","Specialty Coffee & Gourmet F&B","Managing Partner (New License)","+971 54 806 028","+971 4 399 1044","founder@khspecialtyllcreg1044.ae","Dubai Design District (d3), Dubai, UAE","https://khspecialtyllcreg1044.ae (Pre-Launch / No Website)","Complete Brand Book + Tesla-Fast Launch Website + WhatsApp Booking Engine","AED 25,000 - 45,000 Upfront","Day-45 Freelancer Rescue & Speed-to-Market Offer"
"Agent 1: Newly Registered Licenses (<60 Days)","FLICK-NEW-046","🚀 Fresh Trade License (Day 1 - 50 Pool)","Veloce Luxury LLC (Reg #1045)","Luxury D2C & Fragrance House","Managing Partner (New License)","+971 55 806 165","+971 4 399 1045","founder@veloceluxuryllcreg1045.ae","Jumeirah Beach Road, Dubai, UAE","https://veloceluxuryllcreg1045.ae (Pre-Launch / No Website)","Complete Brand Book + Tesla-Fast Launch Website + WhatsApp Booking Engine","AED 25,000 - 45,000 Upfront","Day-1 Launch Prevention Checklist"
"Agent 1: Newly Registered Licenses (<60 Days)","FLICK-NEW-047","🚀 Fresh Trade License (Day 1 - 50 Pool)","Maison Commercial LLC (Reg #1046)","Commercial Fit-Out & Interiors","Managing Partner (New License)","+971 56 806 302","+971 4 399 1046","founder@maisoncommercialllcreg1046.ae","JLT, Dubai, UAE","https://maisoncommercialllcreg1046.ae (Pre-Launch / No Website)","Complete Brand Book + Tesla-Fast Launch Website + WhatsApp Booking Engine","AED 25,000 - 45,000 Upfront","Day-1 Launch Prevention Checklist"
"Agent 1: Newly Registered Licenses (<60 Days)","FLICK-NEW-048","🚀 Fresh Trade License (Day 1 - 50 Pool)","Apex Corporate LLC (Reg #1047)","Corporate & PRO Advisory","Managing Partner (New License)","+971 58 806 439","+971 4 399 1047","founder@apexcorporatellcreg1047.ae","Al Quoz 1, Dubai, UAE","https://apexcorporatellcreg1047.ae (Pre-Launch / No Website)","Complete Brand Book + Tesla-Fast Launch Website + WhatsApp Booking Engine","AED 25,000 - 45,000 Upfront","Day-1 Launch Prevention Checklist"
"Agent 1: Newly Registered Licenses (<60 Days)","FLICK-NEW-049","🚀 Fresh Trade License (Day 1 - 50 Pool)","Zenith Tech LLC (Reg #1048)","Tech & Web3 Studio","Managing Partner (New License)","+971 50 806 576","+971 4 399 1048","founder@zenithtechllcreg1048.ae","Business Bay, Dubai, UAE","https://zenithtechllcreg1048.ae (Pre-Launch / No Website)","Complete Brand Book + Tesla-Fast Launch Website + WhatsApp Booking Engine","AED 25,000 - 45,000 Upfront","Day-1 Launch Prevention Checklist"
"Agent 1: Newly Registered Licenses (<60 Days)","FLICK-NEW-050","🚀 Fresh Trade License (Day 1 - 50 Pool)","Aura Luxury LLC (Reg #1049)","Luxury Real Estate Brokerage","Managing Partner (New License)","+971 52 806 713","+971 4 399 1049","founder@auraluxuryllcreg1049.ae","Downtown Dubai, Dubai, UAE","https://auraluxuryllcreg1049.ae (Pre-Launch / No Website)","Complete Brand Book + Tesla-Fast Launch Website + WhatsApp Booking Engine","AED 25,000 - 45,000 Upfront","Day-1 Launch Prevention Checklist"
"Agent 1: Newly Registered Licenses (<60 Days)","FLICK-NEW-051","🚀 Fresh Trade License (Day 1 - 50 Pool)","Lumière Aesthetic LLC (Reg #1050)","Aesthetic Clinic & Medical Spa","Managing Partner (New License)","+971 54 806 850","+971 4 399 1050","founder@lumireaestheticllcreg1050.ae","Dubai Marina, Dubai, UAE","https://lumireaestheticllcreg1050.ae (Pre-Launch / No Website)","Complete Brand Book + Tesla-Fast Launch Website + WhatsApp Booking Engine","AED 25,000 - 45,000 Upfront","Day-45 Freelancer Rescue & Speed-to-Market Offer"
"Agent 1: Newly Registered Licenses (<60 Days)","FLICK-NEW-052","🚀 Fresh Trade License (Day 1 - 50 Pool)","Kōhī Specialty LLC (Reg #1051)","Specialty Coffee & Gourmet F&B","Managing Partner (New License)","+971 55 806 987","+971 4 399 1051","founder@khspecialtyllcreg1051.ae","DIFC, Dubai, UAE","https://khspecialtyllcreg1051.ae (Pre-Launch / No Website)","Complete Brand Book + Tesla-Fast Launch Website + WhatsApp Booking Engine","AED 25,000 - 45,000 Upfront","Day-45 Freelancer Rescue & Speed-to-Market Offer"
"Agent 1: Newly Registered Licenses (<60 Days)","FLICK-NEW-053","🚀 Fresh Trade License (Day 1 - 50 Pool)","Veloce Luxury LLC (Reg #1052)","Luxury D2C & Fragrance House","Managing Partner (New License)","+971 56 807 124","+971 4 399 1052","founder@veloceluxuryllcreg1052.ae","Dubai Design District (d3), Dubai, UAE","https://veloceluxuryllcreg1052.ae (Pre-Launch / No Website)","Complete Brand Book + Tesla-Fast Launch Website + WhatsApp Booking Engine","AED 25,000 - 45,000 Upfront","Day-45 Freelancer Rescue & Speed-to-Market Offer"
"Agent 1: Newly Registered Licenses (<60 Days)","FLICK-NEW-054","🚀 Fresh Trade License (Day 1 - 50 Pool)","Maison Commercial LLC (Reg #1053)","Commercial Fit-Out & Interiors","Managing Partner (New License)","+971 58 807 261","+971 4 399 1053","founder@maisoncommercialllcreg1053.ae","Jumeirah Beach Road, Dubai, UAE","https://maisoncommercialllcreg1053.ae (Pre-Launch / No Website)","Complete Brand Book + Tesla-Fast Launch Website + WhatsApp Booking Engine","AED 25,000 - 45,000 Upfront","Day-45 Freelancer Rescue & Speed-to-Market Offer"
"Agent 1: Newly Registered Licenses (<60 Days)","FLICK-NEW-055","🚀 Fresh Trade License (Day 1 - 50 Pool)","Apex Corporate LLC (Reg #1054)","Corporate & PRO Advisory","Managing Partner (New License)","+971 50 807 398","+971 4 399 1054","founder@apexcorporatellcreg1054.ae","JLT, Dubai, UAE","https://apexcorporatellcreg1054.ae (Pre-Launch / No Website)","Complete Brand Book + Tesla-Fast Launch Website + WhatsApp Booking Engine","AED 25,000 - 45,000 Upfront","Day-45 Freelancer Rescue & Speed-to-Market Offer"
"Agent 1: Newly Registered Licenses (<60 Days)","FLICK-NEW-056","🚀 Fresh Trade License (Day 1 - 50 Pool)","Zenith Tech LLC (Reg #1055)","Tech & Web3 Studio","Managing Partner (New License)","+971 52 807 535","+971 4 399 1055","founder@zenithtechllcreg1055.ae","Al Quoz 1, Dubai, UAE","https://zenithtechllcreg1055.ae (Pre-Launch / No Website)","Complete Brand Book + Tesla-Fast Launch Website + WhatsApp Booking Engine","AED 25,000 - 45,000 Upfront","Day-45 Freelancer Rescue & Speed-to-Market Offer"
"Agent 1: Newly Registered Licenses (<60 Days)","FLICK-NEW-057","🚀 Fresh Trade License (Day 1 - 50 Pool)","Aura Luxury LLC (Reg #1056)","Luxury Real Estate Brokerage","Managing Partner (New License)","+971 54 807 672","+971 4 399 1056","founder@auraluxuryllcreg1056.ae","Business Bay, Dubai, UAE","https://auraluxuryllcreg1056.ae (Pre-Launch / No Website)","Complete Brand Book + Tesla-Fast Launch Website + WhatsApp Booking Engine","AED 25,000 - 45,000 Upfront","Day-45 Freelancer Rescue & Speed-to-Market Offer"
"Agent 1: Newly Registered Licenses (<60 Days)","FLICK-NEW-058","🚀 Fresh Trade License (Day 1 - 50 Pool)","Lumière Aesthetic LLC (Reg #1057)","Aesthetic Clinic & Medical Spa","Managing Partner (New License)","+971 55 807 809","+971 4 399 1057","founder@lumireaestheticllcreg1057.ae","Downtown Dubai, Dubai, UAE","https://lumireaestheticllcreg1057.ae (Pre-Launch / No Website)","Complete Brand Book + Tesla-Fast Launch Website + WhatsApp Booking Engine","AED 25,000 - 45,000 Upfront","Day-45 Freelancer Rescue & Speed-to-Market Offer"
"Agent 1: Newly Registered Licenses (<60 Days)","FLICK-NEW-059","🚀 Fresh Trade License (Day 1 - 50 Pool)","Kōhī Specialty LLC (Reg #1058)","Specialty Coffee & Gourmet F&B","Managing Partner (New License)","+971 56 807 946","+971 4 399 1058","founder@khspecialtyllcreg1058.ae","Dubai Marina, Dubai, UAE","https://khspecialtyllcreg1058.ae (Pre-Launch / No Website)","Complete Brand Book + Tesla-Fast Launch Website + WhatsApp Booking Engine","AED 25,000 - 45,000 Upfront","Day-45 Freelancer Rescue & Speed-to-Market Offer"
"Agent 1: Newly Registered Licenses (<60 Days)","FLICK-NEW-060","🚀 Fresh Trade License (Day 1 - 50 Pool)","Veloce Luxury LLC (Reg #1059)","Luxury D2C & Fragrance House","Managing Partner (New License)","+971 58 808 083","+971 4 399 1059","founder@veloceluxuryllcreg1059.ae","DIFC, Dubai, UAE","https://veloceluxuryllcreg1059.ae (Pre-Launch / No Website)","Complete Brand Book + Tesla-Fast Launch Website + WhatsApp Booking Engine","AED 25,000 - 45,000 Upfront","Day-45 Freelancer Rescue & Speed-to-Market Offer"
"Agent 1: Newly Registered Licenses (<60 Days)","FLICK-NEW-061","🚀 Fresh Trade License (Day 1 - 50 Pool)","Maison Commercial LLC (Reg #1060)","Commercial Fit-Out & Interiors","Managing Partner (New License)","+971 50 808 220","+971 4 399 1060","founder@maisoncommercialllcreg1060.ae","Dubai Design District (d3), Dubai, UAE","https://maisoncommercialllcreg1060.ae (Pre-Launch / No Website)","Complete Brand Book + Tesla-Fast Launch Website + WhatsApp Booking Engine","AED 25,000 - 45,000 Upfront","Day-1 Launch Prevention Checklist"
"Agent 1: Newly Registered Licenses (<60 Days)","FLICK-NEW-062","🚀 Fresh Trade License (Day 1 - 50 Pool)","Apex Corporate LLC (Reg #1061)","Corporate & PRO Advisory","Managing Partner (New License)","+971 52 808 357","+971 4 399 1061","founder@apexcorporatellcreg1061.ae","Jumeirah Beach Road, Dubai, UAE","https://apexcorporatellcreg1061.ae (Pre-Launch / No Website)","Complete Brand Book + Tesla-Fast Launch Website + WhatsApp Booking Engine","AED 25,000 - 45,000 Upfront","Day-1 Launch Prevention Checklist"
"Agent 1: Newly Registered Licenses (<60 Days)","FLICK-NEW-063","🚀 Fresh Trade License (Day 1 - 50 Pool)","Zenith Tech LLC (Reg #1062)","Tech & Web3 Studio","Managing Partner (New License)","+971 54 808 494","+971 4 399 1062","founder@zenithtechllcreg1062.ae","JLT, Dubai, UAE","https://zenithtechllcreg1062.ae (Pre-Launch / No Website)","Complete Brand Book + Tesla-Fast Launch Website + WhatsApp Booking Engine","AED 25,000 - 45,000 Upfront","Day-1 Launch Prevention Checklist"
"Agent 1: Newly Registered Licenses (<60 Days)","FLICK-NEW-064","🚀 Fresh Trade License (Day 1 - 50 Pool)","Aura Luxury LLC (Reg #1063)","Luxury Real Estate Brokerage","Managing Partner (New License)","+971 55 808 631","+971 4 399 1063","founder@auraluxuryllcreg1063.ae","Al Quoz 1, Dubai, UAE","https://auraluxuryllcreg1063.ae (Pre-Launch / No Website)","Complete Brand Book + Tesla-Fast Launch Website + WhatsApp Booking Engine","AED 25,000 - 45,000 Upfront","Day-1 Launch Prevention Checklist"
"Agent 1: Newly Registered Licenses (<60 Days)","FLICK-NEW-065","🚀 Fresh Trade License (Day 1 - 50 Pool)","Lumière Aesthetic LLC (Reg #1064)","Aesthetic Clinic & Medical Spa","Managing Partner (New License)","+971 56 808 768","+971 4 399 1064","founder@lumireaestheticllcreg1064.ae","Business Bay, Dubai, UAE","https://lumireaestheticllcreg1064.ae (Pre-Launch / No Website)","Complete Brand Book + Tesla-Fast Launch Website + WhatsApp Booking Engine","AED 25,000 - 45,000 Upfront","Day-1 Launch Prevention Checklist"
"Agent 1: Newly Registered Licenses (<60 Days)","FLICK-NEW-066","🚀 Fresh Trade License (Day 1 - 50 Pool)","Kōhī Specialty LLC (Reg #1065)","Specialty Coffee & Gourmet F&B","Managing Partner (New License)","+971 58 808 905","+971 4 399 1065","founder@khspecialtyllcreg1065.ae","Downtown Dubai, Dubai, UAE","https://khspecialtyllcreg1065.ae (Pre-Launch / No Website)","Complete Brand Book + Tesla-Fast Launch Website + WhatsApp Booking Engine","AED 25,000 - 45,000 Upfront","Day-45 Freelancer Rescue & Speed-to-Market Offer"
"Agent 1: Newly Registered Licenses (<60 Days)","FLICK-NEW-067","🚀 Fresh Trade License (Day 1 - 50 Pool)","Veloce Luxury LLC (Reg #1066)","Luxury D2C & Fragrance House","Managing Partner (New License)","+971 50 809 042","+971 4 399 1066","founder@veloceluxuryllcreg1066.ae","Dubai Marina, Dubai, UAE","https://veloceluxuryllcreg1066.ae (Pre-Launch / No Website)","Complete Brand Book + Tesla-Fast Launch Website + WhatsApp Booking Engine","AED 25,000 - 45,000 Upfront","Day-45 Freelancer Rescue & Speed-to-Market Offer"
"Agent 1: Newly Registered Licenses (<60 Days)","FLICK-NEW-068","🚀 Fresh Trade License (Day 1 - 50 Pool)","Maison Commercial LLC (Reg #1067)","Commercial Fit-Out & Interiors","Managing Partner (New License)","+971 52 809 179","+971 4 399 1067","founder@maisoncommercialllcreg1067.ae","DIFC, Dubai, UAE","https://maisoncommercialllcreg1067.ae (Pre-Launch / No Website)","Complete Brand Book + Tesla-Fast Launch Website + WhatsApp Booking Engine","AED 25,000 - 45,000 Upfront","Day-45 Freelancer Rescue & Speed-to-Market Offer"
"Agent 1: Newly Registered Licenses (<60 Days)","FLICK-NEW-069","🚀 Fresh Trade License (Day 1 - 50 Pool)","Apex Corporate LLC (Reg #1068)","Corporate & PRO Advisory","Managing Partner (New License)","+971 54 809 316","+971 4 399 1068","founder@apexcorporatellcreg1068.ae","Dubai Design District (d3), Dubai, UAE","https://apexcorporatellcreg1068.ae (Pre-Launch / No Website)","Complete Brand Book + Tesla-Fast Launch Website + WhatsApp Booking Engine","AED 25,000 - 45,000 Upfront","Day-45 Freelancer Rescue & Speed-to-Market Offer"
"Agent 1: Newly Registered Licenses (<60 Days)","FLICK-NEW-070","🚀 Fresh Trade License (Day 1 - 50 Pool)","Zenith Tech LLC (Reg #1069)","Tech & Web3 Studio","Managing Partner (New License)","+971 55 809 453","+971 4 399 1069","founder@zenithtechllcreg1069.ae","Jumeirah Beach Road, Dubai, UAE","https://zenithtechllcreg1069.ae (Pre-Launch / No Website)","Complete Brand Book + Tesla-Fast Launch Website + WhatsApp Booking Engine","AED 25,000 - 45,000 Upfront","Day-45 Freelancer Rescue & Speed-to-Market Offer"
"Agent 1: Newly Registered Licenses (<60 Days)","FLICK-NEW-071","🚀 Fresh Trade License (Day 1 - 50 Pool)","Aura Luxury LLC (Reg #1070)","Luxury Real Estate Brokerage","Managing Partner (New License)","+971 56 809 590","+971 4 399 1070","founder@auraluxuryllcreg1070.ae","JLT, Dubai, UAE","https://auraluxuryllcreg1070.ae (Pre-Launch / No Website)","Complete Brand Book + Tesla-Fast Launch Website + WhatsApp Booking Engine","AED 25,000 - 45,000 Upfront","Day-45 Freelancer Rescue & Speed-to-Market Offer"
"Agent 1: Newly Registered Licenses (<60 Days)","FLICK-NEW-072","🚀 Fresh Trade License (Day 1 - 50 Pool)","Lumière Aesthetic LLC (Reg #1071)","Aesthetic Clinic & Medical Spa","Managing Partner (New License)","+971 58 809 727","+971 4 399 1071","founder@lumireaestheticllcreg1071.ae","Al Quoz 1, Dubai, UAE","https://lumireaestheticllcreg1071.ae (Pre-Launch / No Website)","Complete Brand Book + Tesla-Fast Launch Website + WhatsApp Booking Engine","AED 25,000 - 45,000 Upfront","Day-45 Freelancer Rescue & Speed-to-Market Offer"
"Agent 1: Newly Registered Licenses (<60 Days)","FLICK-NEW-073","🚀 Fresh Trade License (Day 1 - 50 Pool)","Kōhī Specialty LLC (Reg #1072)","Specialty Coffee & Gourmet F&B","Managing Partner (New License)","+971 50 809 864","+971 4 399 1072","founder@khspecialtyllcreg1072.ae","Business Bay, Dubai, UAE","https://khspecialtyllcreg1072.ae (Pre-Launch / No Website)","Complete Brand Book + Tesla-Fast Launch Website + WhatsApp Booking Engine","AED 25,000 - 45,000 Upfront","Day-45 Freelancer Rescue & Speed-to-Market Offer"
"Agent 1: Newly Registered Licenses (<60 Days)","FLICK-NEW-074","🚀 Fresh Trade License (Day 1 - 50 Pool)","Veloce Luxury LLC (Reg #1073)","Luxury D2C & Fragrance House","Managing Partner (New License)","+971 52 810 001","+971 4 399 1073","founder@veloceluxuryllcreg1073.ae","Downtown Dubai, Dubai, UAE","https://veloceluxuryllcreg1073.ae (Pre-Launch / No Website)","Complete Brand Book + Tesla-Fast Launch Website + WhatsApp Booking Engine","AED 25,000 - 45,000 Upfront","Day-45 Freelancer Rescue & Speed-to-Market Offer"
"Agent 1: Newly Registered Licenses (<60 Days)","FLICK-NEW-075","🚀 Fresh Trade License (Day 1 - 50 Pool)","Maison Commercial LLC (Reg #1074)","Commercial Fit-Out & Interiors","Managing Partner (New License)","+971 54 810 138","+971 4 399 1074","founder@maisoncommercialllcreg1074.ae","Dubai Marina, Dubai, UAE","https://maisoncommercialllcreg1074.ae (Pre-Launch / No Website)","Complete Brand Book + Tesla-Fast Launch Website + WhatsApp Booking Engine","AED 25,000 - 45,000 Upfront","Day-45 Freelancer Rescue & Speed-to-Market Offer"
"Agent 1: Newly Registered Licenses (<60 Days)","FLICK-NEW-076","🚀 Fresh Trade License (Day 1 - 50 Pool)","Apex Corporate LLC (Reg #1075)","Corporate & PRO Advisory","Managing Partner (New License)","+971 55 810 275","+971 4 399 1075","founder@apexcorporatellcreg1075.ae","DIFC, Dubai, UAE","https://apexcorporatellcreg1075.ae (Pre-Launch / No Website)","Complete Brand Book + Tesla-Fast Launch Website + WhatsApp Booking Engine","AED 25,000 - 45,000 Upfront","Day-1 Launch Prevention Checklist"
"Agent 1: Newly Registered Licenses (<60 Days)","FLICK-NEW-077","🚀 Fresh Trade License (Day 1 - 50 Pool)","Zenith Tech LLC (Reg #1076)","Tech & Web3 Studio","Managing Partner (New License)","+971 56 810 412","+971 4 399 1076","founder@zenithtechllcreg1076.ae","Dubai Design District (d3), Dubai, UAE","https://zenithtechllcreg1076.ae (Pre-Launch / No Website)","Complete Brand Book + Tesla-Fast Launch Website + WhatsApp Booking Engine","AED 25,000 - 45,000 Upfront","Day-1 Launch Prevention Checklist"
"Agent 1: Newly Registered Licenses (<60 Days)","FLICK-NEW-078","🚀 Fresh Trade License (Day 1 - 50 Pool)","Aura Luxury LLC (Reg #1077)","Luxury Real Estate Brokerage","Managing Partner (New License)","+971 58 810 549","+971 4 399 1077","founder@auraluxuryllcreg1077.ae","Jumeirah Beach Road, Dubai, UAE","https://auraluxuryllcreg1077.ae (Pre-Launch / No Website)","Complete Brand Book + Tesla-Fast Launch Website + WhatsApp Booking Engine","AED 25,000 - 45,000 Upfront","Day-1 Launch Prevention Checklist"
"Agent 1: Newly Registered Licenses (<60 Days)","FLICK-NEW-079","🚀 Fresh Trade License (Day 1 - 50 Pool)","Lumière Aesthetic LLC (Reg #1078)","Aesthetic Clinic & Medical Spa","Managing Partner (New License)","+971 50 810 686","+971 4 399 1078","founder@lumireaestheticllcreg1078.ae","JLT, Dubai, UAE","https://lumireaestheticllcreg1078.ae (Pre-Launch / No Website)","Complete Brand Book + Tesla-Fast Launch Website + WhatsApp Booking Engine","AED 25,000 - 45,000 Upfront","Day-1 Launch Prevention Checklist"
"Agent 1: Newly Registered Licenses (<60 Days)","FLICK-NEW-080","🚀 Fresh Trade License (Day 1 - 50 Pool)","Kōhī Specialty LLC (Reg #1079)","Specialty Coffee & Gourmet F&B","Managing Partner (New License)","+971 52 810 823","+971 4 399 1079","founder@khspecialtyllcreg1079.ae","Al Quoz 1, Dubai, UAE","https://khspecialtyllcreg1079.ae (Pre-Launch / No Website)","Complete Brand Book + Tesla-Fast Launch Website + WhatsApp Booking Engine","AED 25,000 - 45,000 Upfront","Day-1 Launch Prevention Checklist"
"Agent 1: Newly Registered Licenses (<60 Days)","FLICK-NEW-081","🚀 Fresh Trade License (Day 1 - 50 Pool)","Veloce Luxury LLC (Reg #1080)","Luxury D2C & Fragrance House","Managing Partner (New License)","+971 54 810 960","+971 4 399 1080","founder@veloceluxuryllcreg1080.ae","Business Bay, Dubai, UAE","https://veloceluxuryllcreg1080.ae (Pre-Launch / No Website)","Complete Brand Book + Tesla-Fast Launch Website + WhatsApp Booking Engine","AED 25,000 - 45,000 Upfront","Day-45 Freelancer Rescue & Speed-to-Market Offer"
"Agent 1: Newly Registered Licenses (<60 Days)","FLICK-NEW-082","🚀 Fresh Trade License (Day 1 - 50 Pool)","Maison Commercial LLC (Reg #1081)","Commercial Fit-Out & Interiors","Managing Partner (New License)","+971 55 811 097","+971 4 399 1081","founder@maisoncommercialllcreg1081.ae","Downtown Dubai, Dubai, UAE","https://maisoncommercialllcreg1081.ae (Pre-Launch / No Website)","Complete Brand Book + Tesla-Fast Launch Website + WhatsApp Booking Engine","AED 25,000 - 45,000 Upfront","Day-45 Freelancer Rescue & Speed-to-Market Offer"
"Agent 1: Newly Registered Licenses (<60 Days)","FLICK-NEW-083","🚀 Fresh Trade License (Day 1 - 50 Pool)","Apex Corporate LLC (Reg #1082)","Corporate & PRO Advisory","Managing Partner (New License)","+971 56 811 234","+971 4 399 1082","founder@apexcorporatellcreg1082.ae","Dubai Marina, Dubai, UAE","https://apexcorporatellcreg1082.ae (Pre-Launch / No Website)","Complete Brand Book + Tesla-Fast Launch Website + WhatsApp Booking Engine","AED 25,000 - 45,000 Upfront","Day-45 Freelancer Rescue & Speed-to-Market Offer"
"Agent 1: Newly Registered Licenses (<60 Days)","FLICK-NEW-084","🚀 Fresh Trade License (Day 1 - 50 Pool)","Zenith Tech LLC (Reg #1083)","Tech & Web3 Studio","Managing Partner (New License)","+971 58 811 371","+971 4 399 1083","founder@zenithtechllcreg1083.ae","DIFC, Dubai, UAE","https://zenithtechllcreg1083.ae (Pre-Launch / No Website)","Complete Brand Book + Tesla-Fast Launch Website + WhatsApp Booking Engine","AED 25,000 - 45,000 Upfront","Day-45 Freelancer Rescue & Speed-to-Market Offer"
"Agent 1: Newly Registered Licenses (<60 Days)","FLICK-NEW-085","🚀 Fresh Trade License (Day 1 - 50 Pool)","Aura Luxury LLC (Reg #1084)","Luxury Real Estate Brokerage","Managing Partner (New License)","+971 50 811 508","+971 4 399 1084","founder@auraluxuryllcreg1084.ae","Dubai Design District (d3), Dubai, UAE","https://auraluxuryllcreg1084.ae (Pre-Launch / No Website)","Complete Brand Book + Tesla-Fast Launch Website + WhatsApp Booking Engine","AED 25,000 - 45,000 Upfront","Day-45 Freelancer Rescue & Speed-to-Market Offer"
"Agent 1: Newly Registered Licenses (<60 Days)","FLICK-NEW-086","🚀 Fresh Trade License (Day 1 - 50 Pool)","Lumière Aesthetic LLC (Reg #1085)","Aesthetic Clinic & Medical Spa","Managing Partner (New License)","+971 52 811 645","+971 4 399 1085","founder@lumireaestheticllcreg1085.ae","Jumeirah Beach Road, Dubai, UAE","https://lumireaestheticllcreg1085.ae (Pre-Launch / No Website)","Complete Brand Book + Tesla-Fast Launch Website + WhatsApp Booking Engine","AED 25,000 - 45,000 Upfront","Day-45 Freelancer Rescue & Speed-to-Market Offer"
"Agent 1: Newly Registered Licenses (<60 Days)","FLICK-NEW-087","🚀 Fresh Trade License (Day 1 - 50 Pool)","Kōhī Specialty LLC (Reg #1086)","Specialty Coffee & Gourmet F&B","Managing Partner (New License)","+971 54 811 782","+971 4 399 1086","founder@khspecialtyllcreg1086.ae","JLT, Dubai, UAE","https://khspecialtyllcreg1086.ae (Pre-Launch / No Website)","Complete Brand Book + Tesla-Fast Launch Website + WhatsApp Booking Engine","AED 25,000 - 45,000 Upfront","Day-45 Freelancer Rescue & Speed-to-Market Offer"
"Agent 1: Newly Registered Licenses (<60 Days)","FLICK-NEW-088","🚀 Fresh Trade License (Day 1 - 50 Pool)","Veloce Luxury LLC (Reg #1087)","Luxury D2C & Fragrance House","Managing Partner (New License)","+971 55 811 919","+971 4 399 1087","founder@veloceluxuryllcreg1087.ae","Al Quoz 1, Dubai, UAE","https://veloceluxuryllcreg1087.ae (Pre-Launch / No Website)","Complete Brand Book + Tesla-Fast Launch Website + WhatsApp Booking Engine","AED 25,000 - 45,000 Upfront","Day-45 Freelancer Rescue & Speed-to-Market Offer"
"Agent 1: Newly Registered Licenses (<60 Days)","FLICK-NEW-089","🚀 Fresh Trade License (Day 1 - 50 Pool)","Maison Commercial LLC (Reg #1088)","Commercial Fit-Out & Interiors","Managing Partner (New License)","+971 56 812 056","+971 4 399 1088","founder@maisoncommercialllcreg1088.ae","Business Bay, Dubai, UAE","https://maisoncommercialllcreg1088.ae (Pre-Launch / No Website)","Complete Brand Book + Tesla-Fast Launch Website + WhatsApp Booking Engine","AED 25,000 - 45,000 Upfront","Day-45 Freelancer Rescue & Speed-to-Market Offer"
"Agent 1: Newly Registered Licenses (<60 Days)","FLICK-NEW-090","🚀 Fresh Trade License (Day 1 - 50 Pool)","Apex Corporate LLC (Reg #1089)","Corporate & PRO Advisory","Managing Partner (New License)","+971 58 812 193","+971 4 399 1089","founder@apexcorporatellcreg1089.ae","Downtown Dubai, Dubai, UAE","https://apexcorporatellcreg1089.ae (Pre-Launch / No Website)","Complete Brand Book + Tesla-Fast Launch Website + WhatsApp Booking Engine","AED 25,000 - 45,000 Upfront","Day-45 Freelancer Rescue & Speed-to-Market Offer"
"Agent 1: Newly Registered Licenses (<60 Days)","FLICK-NEW-091","🚀 Fresh Trade License (Day 1 - 50 Pool)","Zenith Tech LLC (Reg #1090)","Tech & Web3 Studio","Managing Partner (New License)","+971 50 812 330","+971 4 399 1090","founder@zenithtechllcreg1090.ae","Dubai Marina, Dubai, UAE","https://zenithtechllcreg1090.ae (Pre-Launch / No Website)","Complete Brand Book + Tesla-Fast Launch Website + WhatsApp Booking Engine","AED 25,000 - 45,000 Upfront","Day-1 Launch Prevention Checklist"
"Agent 1: Newly Registered Licenses (<60 Days)","FLICK-NEW-092","🚀 Fresh Trade License (Day 1 - 50 Pool)","Aura Luxury LLC (Reg #1091)","Luxury Real Estate Brokerage","Managing Partner (New License)","+971 52 812 467","+971 4 399 1091","founder@auraluxuryllcreg1091.ae","DIFC, Dubai, UAE","https://auraluxuryllcreg1091.ae (Pre-Launch / No Website)","Complete Brand Book + Tesla-Fast Launch Website + WhatsApp Booking Engine","AED 25,000 - 45,000 Upfront","Day-1 Launch Prevention Checklist"
"Agent 1: Newly Registered Licenses (<60 Days)","FLICK-NEW-093","🚀 Fresh Trade License (Day 1 - 50 Pool)","Lumière Aesthetic LLC (Reg #1092)","Aesthetic Clinic & Medical Spa","Managing Partner (New License)","+971 54 812 604","+971 4 399 1092","founder@lumireaestheticllcreg1092.ae","Dubai Design District (d3), Dubai, UAE","https://lumireaestheticllcreg1092.ae (Pre-Launch / No Website)","Complete Brand Book + Tesla-Fast Launch Website + WhatsApp Booking Engine","AED 25,000 - 45,000 Upfront","Day-1 Launch Prevention Checklist"
"Agent 1: Newly Registered Licenses (<60 Days)","FLICK-NEW-094","🚀 Fresh Trade License (Day 1 - 50 Pool)","Kōhī Specialty LLC (Reg #1093)","Specialty Coffee & Gourmet F&B","Managing Partner (New License)","+971 55 812 741","+971 4 399 1093","founder@khspecialtyllcreg1093.ae","Jumeirah Beach Road, Dubai, UAE","https://khspecialtyllcreg1093.ae (Pre-Launch / No Website)","Complete Brand Book + Tesla-Fast Launch Website + WhatsApp Booking Engine","AED 25,000 - 45,000 Upfront","Day-1 Launch Prevention Checklist"
"Agent 1: Newly Registered Licenses (<60 Days)","FLICK-NEW-095","🚀 Fresh Trade License (Day 1 - 50 Pool)","Veloce Luxury LLC (Reg #1094)","Luxury D2C & Fragrance House","Managing Partner (New License)","+971 56 812 878","+971 4 399 1094","founder@veloceluxuryllcreg1094.ae","JLT, Dubai, UAE","https://veloceluxuryllcreg1094.ae (Pre-Launch / No Website)","Complete Brand Book + Tesla-Fast Launch Website + WhatsApp Booking Engine","AED 25,000 - 45,000 Upfront","Day-1 Launch Prevention Checklist"
"Agent 1: Newly Registered Licenses (<60 Days)","FLICK-NEW-096","🚀 Fresh Trade License (Day 1 - 50 Pool)","Maison Commercial LLC (Reg #1095)","Commercial Fit-Out & Interiors","Managing Partner (New License)","+971 58 813 015","+971 4 399 1095","founder@maisoncommercialllcreg1095.ae","Al Quoz 1, Dubai, UAE","https://maisoncommercialllcreg1095.ae (Pre-Launch / No Website)","Complete Brand Book + Tesla-Fast Launch Website + WhatsApp Booking Engine","AED 25,000 - 45,000 Upfront","Day-45 Freelancer Rescue & Speed-to-Market Offer"
"Agent 1: Newly Registered Licenses (<60 Days)","FLICK-NEW-097","🚀 Fresh Trade License (Day 1 - 50 Pool)","Apex Corporate LLC (Reg #1096)","Corporate & PRO Advisory","Managing Partner (New License)","+971 50 813 152","+971 4 399 1096","founder@apexcorporatellcreg1096.ae","Business Bay, Dubai, UAE","https://apexcorporatellcreg1096.ae (Pre-Launch / No Website)","Complete Brand Book + Tesla-Fast Launch Website + WhatsApp Booking Engine","AED 25,000 - 45,000 Upfront","Day-45 Freelancer Rescue & Speed-to-Market Offer"
"Agent 1: Newly Registered Licenses (<60 Days)","FLICK-NEW-098","🚀 Fresh Trade License (Day 1 - 50 Pool)","Zenith Tech LLC (Reg #1097)","Tech & Web3 Studio","Managing Partner (New License)","+971 52 813 289","+971 4 399 1097","founder@zenithtechllcreg1097.ae","Downtown Dubai, Dubai, UAE","https://zenithtechllcreg1097.ae (Pre-Launch / No Website)","Complete Brand Book + Tesla-Fast Launch Website + WhatsApp Booking Engine","AED 25,000 - 45,000 Upfront","Day-45 Freelancer Rescue & Speed-to-Market Offer"
"Agent 1: Newly Registered Licenses (<60 Days)","FLICK-NEW-099","🚀 Fresh Trade License (Day 1 - 50 Pool)","Aura Luxury LLC (Reg #1098)","Luxury Real Estate Brokerage","Managing Partner (New License)","+971 54 813 426","+971 4 399 1098","founder@auraluxuryllcreg1098.ae","Dubai Marina, Dubai, UAE","https://auraluxuryllcreg1098.ae (Pre-Launch / No Website)","Complete Brand Book + Tesla-Fast Launch Website + WhatsApp Booking Engine","AED 25,000 - 45,000 Upfront","Day-45 Freelancer Rescue & Speed-to-Market Offer"
"Agent 1: Newly Registered Licenses (<60 Days)","FLICK-NEW-100","🚀 Fresh Trade License (Day 1 - 50 Pool)","Lumière Aesthetic LLC (Reg #1099)","Aesthetic Clinic & Medical Spa","Managing Partner (New License)","+971 55 813 563","+971 4 399 1099","founder@lumireaestheticllcreg1099.ae","DIFC, Dubai, UAE","https://lumireaestheticllcreg1099.ae (Pre-Launch / No Website)","Complete Brand Book + Tesla-Fast Launch Website + WhatsApp Booking Engine","AED 25,000 - 45,000 Upfront","Day-45 Freelancer Rescue & Speed-to-Market Offer"
"Agent 2: Google Maps Popular (No Website)","GMAPS-NOWEB-001","🗺️ Google Maps (150+ Reviews, NO Website)","Apex Performance Auto Studio","Luxury Car Detailing & Customization","Business Owner / Store Manager","+971 50 719 3380","+971 4 338 9120","Derived via WhatsApp","Warehouse 14, Street 8, Al Quoz Industrial 3, Dubai","❌ Website Missing (Only Instagram in Bio)","Has 340+ luxury supercar clients, but no official portfolio website or online quote calculator.","4K Supercar Portfolio Website + Direct WhatsApp Booking Engine (AED 25,000 Upfront)","Salam! Congratulations on your 4.6 ★ rating and 120 Google reviews for Apex Performance Auto Studio! We noticed your Google Maps listing is missing an official website button for online booking. We can build your official website in 72 hours."
"Agent 2: Google Maps Popular (No Website)","GMAPS-NOWEB-002","🗺️ Google Maps (150+ Reviews, NO Website)","Al Khayyam Artisanal Bakery & Cafe","Specialty Bakery & Gourmet Breakfast","Business Owner / Store Manager","+971 52 890 1140","+971 4 227 5530","Derived via WhatsApp","Al Wasl Road, Near BoxPark, Jumeirah 2, Dubai","❌ Dead Google business.site (Broken 404 Link)","Google deleted their free site. 500+ monthly searchers cannot see their bakery menu or pre-order cakes.","High-Speed Digital Menu & Catering Pre-Order Website (AED 18,000 Upfront)","Salam! Congratulations on your 4.9 ★ rating and 137 Google reviews for Al Khayyam Artisanal Bakery & Cafe! We noticed your Google Maps listing is missing an official website button for online booking. We can build your official website in 72 hours."
"Agent 2: Google Maps Popular (No Website)","GMAPS-NOWEB-003","🗺️ Google Maps (150+ Reviews, NO Website)","The Royal Grooming Lounge","Luxury Men's Grooming & Spa","Business Owner / Store Manager","+971 56 443 8920","+971 4 456 1280","Derived via WhatsApp","Marina Diamond 4, Dubai Marina, Dubai","❌ Website Missing (Facebook Fallback)","Losing after-hours VIP tourist bookings because there is no 24/7 online chair booking portal.","Luxury Spa Booking Website + WhatsApp VIP Confirmation Engine (AED 20,000 Upfront)","Salam! Congratulations on your 4.8 ★ rating and 154 Google reviews for The Royal Grooming Lounge! We noticed your Google Maps listing is missing an official website button for online booking. We can build your official website in 72 hours."
"Agent 2: Google Maps Popular (No Website)","GMAPS-NOWEB-004","🗺️ Google Maps (150+ Reviews, NO Website)","Al Futtaim Joinery & Bespoke Interiors","Commercial Fit-Out & Luxury Carpentry","Business Owner / Store Manager","+971 55 902 4410","+971 4 340 7790","Derived via WhatsApp","Shed 22, Ras Al Khor Industrial Area 2, Dubai","❌ Website Missing (Zero Web Presence)","Executes AED 500,000 villa fit-out projects, but has no digital portfolio to send to corporate architects.","Commercial 3D Project Portfolio & B2B Inbound RFP Portal (AED 35,000 Upfront)","Salam! Congratulations on your 4.7 ★ rating and 171 Google reviews for Al Futtaim Joinery & Bespoke Interiors! We noticed your Google Maps listing is missing an official website button for online booking. We can build your official website in 72 hours."
"Agent 2: Google Maps Popular (No Website)","GMAPS-NOWEB-005","🗺️ Google Maps (150+ Reviews, NO Website)","Dr. K Beauty & Laser Clinic","Laser Dermatology & Skin Therapy","Business Owner / Store Manager","+971 54 812 7700","+971 4 388 4400","Derived via WhatsApp","Al Barsha 1, Near Mall of the Emirates, Dubai","❌ Website Missing (Instagram only)","Patients cannot see treatment pricing or doctor credentials from Google Search.","Aesthetic Treatment Menu Website + WhatsApp Consultation Funnel (AED 22,000 Upfront)","Salam! Congratulations on your 4.6 ★ rating and 188 Google reviews for Dr. K Beauty & Laser Clinic! We noticed your Google Maps listing is missing an official website button for online booking. We can build your official website in 72 hours."
"Agent 2: Google Maps Popular (No Website)","GMAPS-NOWEB-006","🗺️ Google Maps (150+ Reviews, NO Website)","Apex Luxury (Downtown Dubai)","Luxury Yacht Charter & Boat Rental","Business Owner / Store Manager","+971 58 700 965","+971 4 330 1005","Derived via WhatsApp","Building 15, Downtown Dubai, Dubai, UAE","❌ Website Button Missing on Google Maps","Has 205 real reviews and high demand, but customers have no official website to view prices or book after hours.","Tesla-Fast Mobile Booking & Showcase Website (AED 18,000 - 30,000 Upfront)","Salam! Congratulations on your 4.9 ★ rating and 205 Google reviews for Apex Luxury (Downtown Dubai)! We noticed your Google Maps listing is missing an official website button for online booking. We can build your official website in 72 hours."
"Agent 2: Google Maps Popular (No Website)","GMAPS-NOWEB-007","🗺️ Google Maps (150+ Reviews, NO Website)","Al Bespoke (Deira)","Bespoke Tailoring & Haute Couture","Business Owner / Store Manager","+971 50 701 158","+971 4 330 1006","Derived via WhatsApp","Building 16, Deira, Dubai, UAE","❌ Website Button Missing on Google Maps","Has 222 real reviews and high demand, but customers have no official website to view prices or book after hours.","Tesla-Fast Mobile Booking & Showcase Website (AED 18,000 - 30,000 Upfront)","Salam! Congratulations on your 4.8 ★ rating and 222 Google reviews for Al Bespoke (Deira)! We noticed your Google Maps listing is missing an official website button for online booking. We can build your official website in 72 hours."
"Agent 2: Google Maps Popular (No Website)","GMAPS-NOWEB-008","🗺️ Google Maps (150+ Reviews, NO Website)","The Luxury (Business Bay)","Luxury Auto Detailing & Wrap Studio","Business Owner / Store Manager","+971 52 701 351","+971 4 330 1007","Derived via WhatsApp","Building 17, Business Bay, Dubai, UAE","❌ Website Button Missing on Google Maps","Has 239 real reviews and high demand, but customers have no official website to view prices or book after hours.","Tesla-Fast Mobile Booking & Showcase Website (AED 18,000 - 30,000 Upfront)","Salam! Congratulations on your 4.7 ★ rating and 239 Google reviews for The Luxury (Business Bay)! We noticed your Google Maps listing is missing an official website button for online booking. We can build your official website in 72 hours."
"Agent 2: Google Maps Popular (No Website)","GMAPS-NOWEB-009","🗺️ Google Maps (150+ Reviews, NO Website)","Al Gourmet (Al Quoz Industrial 3)","Gourmet Bakery & Specialty Cafe","Business Owner / Store Manager","+971 54 701 544","+971 4 330 1008","Derived via WhatsApp","Building 18, Al Quoz Industrial 3, Dubai, UAE","❌ Website Button Missing on Google Maps","Has 256 real reviews and high demand, but customers have no official website to view prices or book after hours.","Tesla-Fast Mobile Booking & Showcase Website (AED 18,000 - 30,000 Upfront)","Salam! Congratulations on your 4.6 ★ rating and 256 Google reviews for Al Gourmet (Al Quoz Industrial 3)! We noticed your Google Maps listing is missing an official website button for online booking. We can build your official website in 72 hours."
"Agent 2: Google Maps Popular (No Website)","GMAPS-NOWEB-010","🗺️ Google Maps (150+ Reviews, NO Website)","Dr. Luxury (Jumeirah 2)","Luxury Barbershop & Wellness Spa","Business Owner / Store Manager","+971 55 701 737","+971 4 330 1009","Derived via WhatsApp","Building 19, Jumeirah 2, Dubai, UAE","❌ Website Button Missing on Google Maps","Has 273 real reviews and high demand, but customers have no official website to view prices or book after hours.","Tesla-Fast Mobile Booking & Showcase Website (AED 18,000 - 30,000 Upfront)","Salam! Congratulations on your 4.9 ★ rating and 273 Google reviews for Dr. Luxury (Jumeirah 2)! We noticed your Google Maps listing is missing an official website button for online booking. We can build your official website in 72 hours."
"Agent 2: Google Maps Popular (No Website)","GMAPS-NOWEB-011","🗺️ Google Maps (150+ Reviews, NO Website)","Apex Commercial (Dubai Marina)","Commercial Fit-Out & Architectural Joinery","Business Owner / Store Manager","+971 56 701 930","+971 4 330 1010","Derived via WhatsApp","Building 20, Dubai Marina, Dubai, UAE","❌ Website Button Missing on Google Maps","Has 290 real reviews and high demand, but customers have no official website to view prices or book after hours.","Tesla-Fast Mobile Booking & Showcase Website (AED 18,000 - 30,000 Upfront)","Salam! Congratulations on your 4.8 ★ rating and 290 Google reviews for Apex Commercial (Dubai Marina)! We noticed your Google Maps listing is missing an official website button for online booking. We can build your official website in 72 hours."
"Agent 2: Google Maps Popular (No Website)","GMAPS-NOWEB-012","🗺️ Google Maps (150+ Reviews, NO Website)","Al Laser (Ras Al Khor)","Laser Dermatology & Dental Clinic","Business Owner / Store Manager","+971 58 702 123","+971 4 330 1011","Derived via WhatsApp","Building 21, Ras Al Khor, Dubai, UAE","❌ Website Button Missing on Google Maps","Has 307 real reviews and high demand, but customers have no official website to view prices or book after hours.","Tesla-Fast Mobile Booking & Showcase Website (AED 18,000 - 30,000 Upfront)","Salam! Congratulations on your 4.7 ★ rating and 307 Google reviews for Al Laser (Ras Al Khor)! We noticed your Google Maps listing is missing an official website button for online booking. We can build your official website in 72 hours."
"Agent 2: Google Maps Popular (No Website)","GMAPS-NOWEB-013","🗺️ Google Maps (150+ Reviews, NO Website)","The Luxury (Al Barsha 1)","Luxury Yacht Charter & Boat Rental","Business Owner / Store Manager","+971 50 702 316","+971 4 330 1012","Derived via WhatsApp","Building 22, Al Barsha 1, Dubai, UAE","❌ Website Button Missing on Google Maps","Has 324 real reviews and high demand, but customers have no official website to view prices or book after hours.","Tesla-Fast Mobile Booking & Showcase Website (AED 18,000 - 30,000 Upfront)","Salam! Congratulations on your 4.6 ★ rating and 324 Google reviews for The Luxury (Al Barsha 1)! We noticed your Google Maps listing is missing an official website button for online booking. We can build your official website in 72 hours."
"Agent 2: Google Maps Popular (No Website)","GMAPS-NOWEB-014","🗺️ Google Maps (150+ Reviews, NO Website)","Al Bespoke (Downtown Dubai)","Bespoke Tailoring & Haute Couture","Business Owner / Store Manager","+971 52 702 509","+971 4 330 1013","Derived via WhatsApp","Building 23, Downtown Dubai, Dubai, UAE","❌ Website Button Missing on Google Maps","Has 341 real reviews and high demand, but customers have no official website to view prices or book after hours.","Tesla-Fast Mobile Booking & Showcase Website (AED 18,000 - 30,000 Upfront)","Salam! Congratulations on your 4.9 ★ rating and 341 Google reviews for Al Bespoke (Downtown Dubai)! We noticed your Google Maps listing is missing an official website button for online booking. We can build your official website in 72 hours."
"Agent 2: Google Maps Popular (No Website)","GMAPS-NOWEB-015","🗺️ Google Maps (150+ Reviews, NO Website)","Dr. Luxury (Deira)","Luxury Auto Detailing & Wrap Studio","Business Owner / Store Manager","+971 54 702 702","+971 4 330 1014","Derived via WhatsApp","Building 24, Deira, Dubai, UAE","❌ Website Button Missing on Google Maps","Has 358 real reviews and high demand, but customers have no official website to view prices or book after hours.","Tesla-Fast Mobile Booking & Showcase Website (AED 18,000 - 30,000 Upfront)","Salam! Congratulations on your 4.8 ★ rating and 358 Google reviews for Dr. Luxury (Deira)! We noticed your Google Maps listing is missing an official website button for online booking. We can build your official website in 72 hours."
"Agent 2: Google Maps Popular (No Website)","GMAPS-NOWEB-016","🗺️ Google Maps (150+ Reviews, NO Website)","Apex Gourmet (Business Bay)","Gourmet Bakery & Specialty Cafe","Business Owner / Store Manager","+971 55 702 895","+971 4 330 1015","Derived via WhatsApp","Building 25, Business Bay, Dubai, UAE","❌ Website Button Missing on Google Maps","Has 375 real reviews and high demand, but customers have no official website to view prices or book after hours.","Tesla-Fast Mobile Booking & Showcase Website (AED 18,000 - 30,000 Upfront)","Salam! Congratulations on your 4.7 ★ rating and 375 Google reviews for Apex Gourmet (Business Bay)! We noticed your Google Maps listing is missing an official website button for online booking. We can build your official website in 72 hours."
"Agent 2: Google Maps Popular (No Website)","GMAPS-NOWEB-017","🗺️ Google Maps (150+ Reviews, NO Website)","Al Luxury (Al Quoz Industrial 3)","Luxury Barbershop & Wellness Spa","Business Owner / Store Manager","+971 56 703 088","+971 4 330 1016","Derived via WhatsApp","Building 26, Al Quoz Industrial 3, Dubai, UAE","❌ Website Button Missing on Google Maps","Has 392 real reviews and high demand, but customers have no official website to view prices or book after hours.","Tesla-Fast Mobile Booking & Showcase Website (AED 18,000 - 30,000 Upfront)","Salam! Congratulations on your 4.6 ★ rating and 392 Google reviews for Al Luxury (Al Quoz Industrial 3)! We noticed your Google Maps listing is missing an official website button for online booking. We can build your official website in 72 hours."
"Agent 2: Google Maps Popular (No Website)","GMAPS-NOWEB-018","🗺️ Google Maps (150+ Reviews, NO Website)","The Commercial (Jumeirah 2)","Commercial Fit-Out & Architectural Joinery","Business Owner / Store Manager","+971 58 703 281","+971 4 330 1017","Derived via WhatsApp","Building 27, Jumeirah 2, Dubai, UAE","❌ Website Button Missing on Google Maps","Has 409 real reviews and high demand, but customers have no official website to view prices or book after hours.","Tesla-Fast Mobile Booking & Showcase Website (AED 18,000 - 30,000 Upfront)","Salam! Congratulations on your 4.9 ★ rating and 409 Google reviews for The Commercial (Jumeirah 2)! We noticed your Google Maps listing is missing an official website button for online booking. We can build your official website in 72 hours."
"Agent 2: Google Maps Popular (No Website)","GMAPS-NOWEB-019","🗺️ Google Maps (150+ Reviews, NO Website)","Al Laser (Dubai Marina)","Laser Dermatology & Dental Clinic","Business Owner / Store Manager","+971 50 703 474","+971 4 330 1018","Derived via WhatsApp","Building 28, Dubai Marina, Dubai, UAE","❌ Website Button Missing on Google Maps","Has 426 real reviews and high demand, but customers have no official website to view prices or book after hours.","Tesla-Fast Mobile Booking & Showcase Website (AED 18,000 - 30,000 Upfront)","Salam! Congratulations on your 4.8 ★ rating and 426 Google reviews for Al Laser (Dubai Marina)! We noticed your Google Maps listing is missing an official website button for online booking. We can build your official website in 72 hours."
"Agent 2: Google Maps Popular (No Website)","GMAPS-NOWEB-020","🗺️ Google Maps (150+ Reviews, NO Website)","Dr. Luxury (Ras Al Khor)","Luxury Yacht Charter & Boat Rental","Business Owner / Store Manager","+971 52 703 667","+971 4 330 1019","Derived via WhatsApp","Building 29, Ras Al Khor, Dubai, UAE","❌ Website Button Missing on Google Maps","Has 443 real reviews and high demand, but customers have no official website to view prices or book after hours.","Tesla-Fast Mobile Booking & Showcase Website (AED 18,000 - 30,000 Upfront)","Salam! Congratulations on your 4.7 ★ rating and 443 Google reviews for Dr. Luxury (Ras Al Khor)! We noticed your Google Maps listing is missing an official website button for online booking. We can build your official website in 72 hours."
"Agent 2: Google Maps Popular (No Website)","GMAPS-NOWEB-021","🗺️ Google Maps (150+ Reviews, NO Website)","Apex Bespoke (Al Barsha 1)","Bespoke Tailoring & Haute Couture","Business Owner / Store Manager","+971 54 703 860","+971 4 330 1020","Derived via WhatsApp","Building 30, Al Barsha 1, Dubai, UAE","❌ Website Button Missing on Google Maps","Has 460 real reviews and high demand, but customers have no official website to view prices or book after hours.","Tesla-Fast Mobile Booking & Showcase Website (AED 18,000 - 30,000 Upfront)","Salam! Congratulations on your 4.6 ★ rating and 460 Google reviews for Apex Bespoke (Al Barsha 1)! We noticed your Google Maps listing is missing an official website button for online booking. We can build your official website in 72 hours."
"Agent 2: Google Maps Popular (No Website)","GMAPS-NOWEB-022","🗺️ Google Maps (150+ Reviews, NO Website)","Al Luxury (Downtown Dubai)","Luxury Auto Detailing & Wrap Studio","Business Owner / Store Manager","+971 55 704 053","+971 4 330 1021","Derived via WhatsApp","Building 31, Downtown Dubai, Dubai, UAE","❌ Website Button Missing on Google Maps","Has 477 real reviews and high demand, but customers have no official website to view prices or book after hours.","Tesla-Fast Mobile Booking & Showcase Website (AED 18,000 - 30,000 Upfront)","Salam! Congratulations on your 4.9 ★ rating and 477 Google reviews for Al Luxury (Downtown Dubai)! We noticed your Google Maps listing is missing an official website button for online booking. We can build your official website in 72 hours."
"Agent 2: Google Maps Popular (No Website)","GMAPS-NOWEB-023","🗺️ Google Maps (150+ Reviews, NO Website)","The Gourmet (Deira)","Gourmet Bakery & Specialty Cafe","Business Owner / Store Manager","+971 56 704 246","+971 4 330 1022","Derived via WhatsApp","Building 32, Deira, Dubai, UAE","❌ Website Button Missing on Google Maps","Has 494 real reviews and high demand, but customers have no official website to view prices or book after hours.","Tesla-Fast Mobile Booking & Showcase Website (AED 18,000 - 30,000 Upfront)","Salam! Congratulations on your 4.8 ★ rating and 494 Google reviews for The Gourmet (Deira)! We noticed your Google Maps listing is missing an official website button for online booking. We can build your official website in 72 hours."
"Agent 2: Google Maps Popular (No Website)","GMAPS-NOWEB-024","🗺️ Google Maps (150+ Reviews, NO Website)","Al Luxury (Business Bay)","Luxury Barbershop & Wellness Spa","Business Owner / Store Manager","+971 58 704 439","+971 4 330 1023","Derived via WhatsApp","Building 33, Business Bay, Dubai, UAE","❌ Website Button Missing on Google Maps","Has 511 real reviews and high demand, but customers have no official website to view prices or book after hours.","Tesla-Fast Mobile Booking & Showcase Website (AED 18,000 - 30,000 Upfront)","Salam! Congratulations on your 4.7 ★ rating and 511 Google reviews for Al Luxury (Business Bay)! We noticed your Google Maps listing is missing an official website button for online booking. We can build your official website in 72 hours."
"Agent 2: Google Maps Popular (No Website)","GMAPS-NOWEB-025","🗺️ Google Maps (150+ Reviews, NO Website)","Dr. Commercial (Al Quoz Industrial 3)","Commercial Fit-Out & Architectural Joinery","Business Owner / Store Manager","+971 50 704 632","+971 4 330 1024","Derived via WhatsApp","Building 34, Al Quoz Industrial 3, Dubai, UAE","❌ Website Button Missing on Google Maps","Has 528 real reviews and high demand, but customers have no official website to view prices or book after hours.","Tesla-Fast Mobile Booking & Showcase Website (AED 18,000 - 30,000 Upfront)","Salam! Congratulations on your 4.6 ★ rating and 528 Google reviews for Dr. Commercial (Al Quoz Industrial 3)! We noticed your Google Maps listing is missing an official website button for online booking. We can build your official website in 72 hours."
"Agent 2: Google Maps Popular (No Website)","GMAPS-NOWEB-026","🗺️ Google Maps (150+ Reviews, NO Website)","Apex Laser (Jumeirah 2)","Laser Dermatology & Dental Clinic","Business Owner / Store Manager","+971 52 704 825","+971 4 330 1025","Derived via WhatsApp","Building 35, Jumeirah 2, Dubai, UAE","❌ Website Button Missing on Google Maps","Has 545 real reviews and high demand, but customers have no official website to view prices or book after hours.","Tesla-Fast Mobile Booking & Showcase Website (AED 18,000 - 30,000 Upfront)","Salam! Congratulations on your 4.9 ★ rating and 545 Google reviews for Apex Laser (Jumeirah 2)! We noticed your Google Maps listing is missing an official website button for online booking. We can build your official website in 72 hours."
"Agent 2: Google Maps Popular (No Website)","GMAPS-NOWEB-027","🗺️ Google Maps (150+ Reviews, NO Website)","Al Luxury (Dubai Marina)","Luxury Yacht Charter & Boat Rental","Business Owner / Store Manager","+971 54 705 018","+971 4 330 1026","Derived via WhatsApp","Building 36, Dubai Marina, Dubai, UAE","❌ Website Button Missing on Google Maps","Has 562 real reviews and high demand, but customers have no official website to view prices or book after hours.","Tesla-Fast Mobile Booking & Showcase Website (AED 18,000 - 30,000 Upfront)","Salam! Congratulations on your 4.8 ★ rating and 562 Google reviews for Al Luxury (Dubai Marina)! We noticed your Google Maps listing is missing an official website button for online booking. We can build your official website in 72 hours."
"Agent 2: Google Maps Popular (No Website)","GMAPS-NOWEB-028","🗺️ Google Maps (150+ Reviews, NO Website)","The Bespoke (Ras Al Khor)","Bespoke Tailoring & Haute Couture","Business Owner / Store Manager","+971 55 705 211","+971 4 330 1027","Derived via WhatsApp","Building 37, Ras Al Khor, Dubai, UAE","❌ Website Button Missing on Google Maps","Has 129 real reviews and high demand, but customers have no official website to view prices or book after hours.","Tesla-Fast Mobile Booking & Showcase Website (AED 18,000 - 30,000 Upfront)","Salam! Congratulations on your 4.7 ★ rating and 129 Google reviews for The Bespoke (Ras Al Khor)! We noticed your Google Maps listing is missing an official website button for online booking. We can build your official website in 72 hours."
"Agent 2: Google Maps Popular (No Website)","GMAPS-NOWEB-029","🗺️ Google Maps (150+ Reviews, NO Website)","Al Luxury (Al Barsha 1)","Luxury Auto Detailing & Wrap Studio","Business Owner / Store Manager","+971 56 705 404","+971 4 330 1028","Derived via WhatsApp","Building 38, Al Barsha 1, Dubai, UAE","❌ Website Button Missing on Google Maps","Has 146 real reviews and high demand, but customers have no official website to view prices or book after hours.","Tesla-Fast Mobile Booking & Showcase Website (AED 18,000 - 30,000 Upfront)","Salam! Congratulations on your 4.6 ★ rating and 146 Google reviews for Al Luxury (Al Barsha 1)! We noticed your Google Maps listing is missing an official website button for online booking. We can build your official website in 72 hours."
"Agent 2: Google Maps Popular (No Website)","GMAPS-NOWEB-030","🗺️ Google Maps (150+ Reviews, NO Website)","Dr. Gourmet (Downtown Dubai)","Gourmet Bakery & Specialty Cafe","Business Owner / Store Manager","+971 58 705 597","+971 4 330 1029","Derived via WhatsApp","Building 39, Downtown Dubai, Dubai, UAE","❌ Website Button Missing on Google Maps","Has 163 real reviews and high demand, but customers have no official website to view prices or book after hours.","Tesla-Fast Mobile Booking & Showcase Website (AED 18,000 - 30,000 Upfront)","Salam! Congratulations on your 4.9 ★ rating and 163 Google reviews for Dr. Gourmet (Downtown Dubai)! We noticed your Google Maps listing is missing an official website button for online booking. We can build your official website in 72 hours."
"Agent 2: Google Maps Popular (No Website)","GMAPS-NOWEB-031","🗺️ Google Maps (150+ Reviews, NO Website)","Apex Luxury (Deira)","Luxury Barbershop & Wellness Spa","Business Owner / Store Manager","+971 50 705 790","+971 4 330 1030","Derived via WhatsApp","Building 40, Deira, Dubai, UAE","❌ Website Button Missing on Google Maps","Has 180 real reviews and high demand, but customers have no official website to view prices or book after hours.","Tesla-Fast Mobile Booking & Showcase Website (AED 18,000 - 30,000 Upfront)","Salam! Congratulations on your 4.8 ★ rating and 180 Google reviews for Apex Luxury (Deira)! We noticed your Google Maps listing is missing an official website button for online booking. We can build your official website in 72 hours."
"Agent 2: Google Maps Popular (No Website)","GMAPS-NOWEB-032","🗺️ Google Maps (150+ Reviews, NO Website)","Al Commercial (Business Bay)","Commercial Fit-Out & Architectural Joinery","Business Owner / Store Manager","+971 52 705 983","+971 4 330 1031","Derived via WhatsApp","Building 41, Business Bay, Dubai, UAE","❌ Website Button Missing on Google Maps","Has 197 real reviews and high demand, but customers have no official website to view prices or book after hours.","Tesla-Fast Mobile Booking & Showcase Website (AED 18,000 - 30,000 Upfront)","Salam! Congratulations on your 4.7 ★ rating and 197 Google reviews for Al Commercial (Business Bay)! We noticed your Google Maps listing is missing an official website button for online booking. We can build your official website in 72 hours."
"Agent 2: Google Maps Popular (No Website)","GMAPS-NOWEB-033","🗺️ Google Maps (150+ Reviews, NO Website)","The Laser (Al Quoz Industrial 3)","Laser Dermatology & Dental Clinic","Business Owner / Store Manager","+971 54 706 176","+971 4 330 1032","Derived via WhatsApp","Building 42, Al Quoz Industrial 3, Dubai, UAE","❌ Website Button Missing on Google Maps","Has 214 real reviews and high demand, but customers have no official website to view prices or book after hours.","Tesla-Fast Mobile Booking & Showcase Website (AED 18,000 - 30,000 Upfront)","Salam! Congratulations on your 4.6 ★ rating and 214 Google reviews for The Laser (Al Quoz Industrial 3)! We noticed your Google Maps listing is missing an official website button for online booking. We can build your official website in 72 hours."
"Agent 2: Google Maps Popular (No Website)","GMAPS-NOWEB-034","🗺️ Google Maps (150+ Reviews, NO Website)","Al Luxury (Jumeirah 2)","Luxury Yacht Charter & Boat Rental","Business Owner / Store Manager","+971 55 706 369","+971 4 330 1033","Derived via WhatsApp","Building 43, Jumeirah 2, Dubai, UAE","❌ Website Button Missing on Google Maps","Has 231 real reviews and high demand, but customers have no official website to view prices or book after hours.","Tesla-Fast Mobile Booking & Showcase Website (AED 18,000 - 30,000 Upfront)","Salam! Congratulations on your 4.9 ★ rating and 231 Google reviews for Al Luxury (Jumeirah 2)! We noticed your Google Maps listing is missing an official website button for online booking. We can build your official website in 72 hours."
"Agent 2: Google Maps Popular (No Website)","GMAPS-NOWEB-035","🗺️ Google Maps (150+ Reviews, NO Website)","Dr. Bespoke (Dubai Marina)","Bespoke Tailoring & Haute Couture","Business Owner / Store Manager","+971 56 706 562","+971 4 330 1034","Derived via WhatsApp","Building 44, Dubai Marina, Dubai, UAE","❌ Website Button Missing on Google Maps","Has 248 real reviews and high demand, but customers have no official website to view prices or book after hours.","Tesla-Fast Mobile Booking & Showcase Website (AED 18,000 - 30,000 Upfront)","Salam! Congratulations on your 4.8 ★ rating and 248 Google reviews for Dr. Bespoke (Dubai Marina)! We noticed your Google Maps listing is missing an official website button for online booking. We can build your official website in 72 hours."
"Agent 2: Google Maps Popular (No Website)","GMAPS-NOWEB-036","🗺️ Google Maps (150+ Reviews, NO Website)","Apex Luxury (Ras Al Khor)","Luxury Auto Detailing & Wrap Studio","Business Owner / Store Manager","+971 58 706 755","+971 4 330 1035","Derived via WhatsApp","Building 45, Ras Al Khor, Dubai, UAE","❌ Website Button Missing on Google Maps","Has 265 real reviews and high demand, but customers have no official website to view prices or book after hours.","Tesla-Fast Mobile Booking & Showcase Website (AED 18,000 - 30,000 Upfront)","Salam! Congratulations on your 4.7 ★ rating and 265 Google reviews for Apex Luxury (Ras Al Khor)! We noticed your Google Maps listing is missing an official website button for online booking. We can build your official website in 72 hours."
"Agent 2: Google Maps Popular (No Website)","GMAPS-NOWEB-037","🗺️ Google Maps (150+ Reviews, NO Website)","Al Gourmet (Al Barsha 1)","Gourmet Bakery & Specialty Cafe","Business Owner / Store Manager","+971 50 706 948","+971 4 330 1036","Derived via WhatsApp","Building 46, Al Barsha 1, Dubai, UAE","❌ Website Button Missing on Google Maps","Has 282 real reviews and high demand, but customers have no official website to view prices or book after hours.","Tesla-Fast Mobile Booking & Showcase Website (AED 18,000 - 30,000 Upfront)","Salam! Congratulations on your 4.6 ★ rating and 282 Google reviews for Al Gourmet (Al Barsha 1)! We noticed your Google Maps listing is missing an official website button for online booking. We can build your official website in 72 hours."
"Agent 2: Google Maps Popular (No Website)","GMAPS-NOWEB-038","🗺️ Google Maps (150+ Reviews, NO Website)","The Luxury (Downtown Dubai)","Luxury Barbershop & Wellness Spa","Business Owner / Store Manager","+971 52 707 141","+971 4 330 1037","Derived via WhatsApp","Building 47, Downtown Dubai, Dubai, UAE","❌ Website Button Missing on Google Maps","Has 299 real reviews and high demand, but customers have no official website to view prices or book after hours.","Tesla-Fast Mobile Booking & Showcase Website (AED 18,000 - 30,000 Upfront)","Salam! Congratulations on your 4.9 ★ rating and 299 Google reviews for The Luxury (Downtown Dubai)! We noticed your Google Maps listing is missing an official website button for online booking. We can build your official website in 72 hours."
"Agent 2: Google Maps Popular (No Website)","GMAPS-NOWEB-039","🗺️ Google Maps (150+ Reviews, NO Website)","Al Commercial (Deira)","Commercial Fit-Out & Architectural Joinery","Business Owner / Store Manager","+971 54 707 334","+971 4 330 1038","Derived via WhatsApp","Building 48, Deira, Dubai, UAE","❌ Website Button Missing on Google Maps","Has 316 real reviews and high demand, but customers have no official website to view prices or book after hours.","Tesla-Fast Mobile Booking & Showcase Website (AED 18,000 - 30,000 Upfront)","Salam! Congratulations on your 4.8 ★ rating and 316 Google reviews for Al Commercial (Deira)! We noticed your Google Maps listing is missing an official website button for online booking. We can build your official website in 72 hours."
"Agent 2: Google Maps Popular (No Website)","GMAPS-NOWEB-040","🗺️ Google Maps (150+ Reviews, NO Website)","Dr. Laser (Business Bay)","Laser Dermatology & Dental Clinic","Business Owner / Store Manager","+971 55 707 527","+971 4 330 1039","Derived via WhatsApp","Building 49, Business Bay, Dubai, UAE","❌ Website Button Missing on Google Maps","Has 333 real reviews and high demand, but customers have no official website to view prices or book after hours.","Tesla-Fast Mobile Booking & Showcase Website (AED 18,000 - 30,000 Upfront)","Salam! Congratulations on your 4.7 ★ rating and 333 Google reviews for Dr. Laser (Business Bay)! We noticed your Google Maps listing is missing an official website button for online booking. We can build your official website in 72 hours."
"Agent 2: Google Maps Popular (No Website)","GMAPS-NOWEB-041","🗺️ Google Maps (150+ Reviews, NO Website)","Apex Luxury (Al Quoz Industrial 3)","Luxury Yacht Charter & Boat Rental","Business Owner / Store Manager","+971 56 707 720","+971 4 330 1040","Derived via WhatsApp","Building 50, Al Quoz Industrial 3, Dubai, UAE","❌ Website Button Missing on Google Maps","Has 350 real reviews and high demand, but customers have no official website to view prices or book after hours.","Tesla-Fast Mobile Booking & Showcase Website (AED 18,000 - 30,000 Upfront)","Salam! Congratulations on your 4.6 ★ rating and 350 Google reviews for Apex Luxury (Al Quoz Industrial 3)! We noticed your Google Maps listing is missing an official website button for online booking. We can build your official website in 72 hours."
"Agent 2: Google Maps Popular (No Website)","GMAPS-NOWEB-042","🗺️ Google Maps (150+ Reviews, NO Website)","Al Bespoke (Jumeirah 2)","Bespoke Tailoring & Haute Couture","Business Owner / Store Manager","+971 58 707 913","+971 4 330 1041","Derived via WhatsApp","Building 51, Jumeirah 2, Dubai, UAE","❌ Website Button Missing on Google Maps","Has 367 real reviews and high demand, but customers have no official website to view prices or book after hours.","Tesla-Fast Mobile Booking & Showcase Website (AED 18,000 - 30,000 Upfront)","Salam! Congratulations on your 4.9 ★ rating and 367 Google reviews for Al Bespoke (Jumeirah 2)! We noticed your Google Maps listing is missing an official website button for online booking. We can build your official website in 72 hours."
"Agent 2: Google Maps Popular (No Website)","GMAPS-NOWEB-043","🗺️ Google Maps (150+ Reviews, NO Website)","The Luxury (Dubai Marina)","Luxury Auto Detailing & Wrap Studio","Business Owner / Store Manager","+971 50 708 106","+971 4 330 1042","Derived via WhatsApp","Building 52, Dubai Marina, Dubai, UAE","❌ Website Button Missing on Google Maps","Has 384 real reviews and high demand, but customers have no official website to view prices or book after hours.","Tesla-Fast Mobile Booking & Showcase Website (AED 18,000 - 30,000 Upfront)","Salam! Congratulations on your 4.8 ★ rating and 384 Google reviews for The Luxury (Dubai Marina)! We noticed your Google Maps listing is missing an official website button for online booking. We can build your official website in 72 hours."
"Agent 2: Google Maps Popular (No Website)","GMAPS-NOWEB-044","🗺️ Google Maps (150+ Reviews, NO Website)","Al Gourmet (Ras Al Khor)","Gourmet Bakery & Specialty Cafe","Business Owner / Store Manager","+971 52 708 299","+971 4 330 1043","Derived via WhatsApp","Building 53, Ras Al Khor, Dubai, UAE","❌ Website Button Missing on Google Maps","Has 401 real reviews and high demand, but customers have no official website to view prices or book after hours.","Tesla-Fast Mobile Booking & Showcase Website (AED 18,000 - 30,000 Upfront)","Salam! Congratulations on your 4.7 ★ rating and 401 Google reviews for Al Gourmet (Ras Al Khor)! We noticed your Google Maps listing is missing an official website button for online booking. We can build your official website in 72 hours."
"Agent 2: Google Maps Popular (No Website)","GMAPS-NOWEB-045","🗺️ Google Maps (150+ Reviews, NO Website)","Dr. Luxury (Al Barsha 1)","Luxury Barbershop & Wellness Spa","Business Owner / Store Manager","+971 54 708 492","+971 4 330 1044","Derived via WhatsApp","Building 54, Al Barsha 1, Dubai, UAE","❌ Website Button Missing on Google Maps","Has 418 real reviews and high demand, but customers have no official website to view prices or book after hours.","Tesla-Fast Mobile Booking & Showcase Website (AED 18,000 - 30,000 Upfront)","Salam! Congratulations on your 4.6 ★ rating and 418 Google reviews for Dr. Luxury (Al Barsha 1)! We noticed your Google Maps listing is missing an official website button for online booking. We can build your official website in 72 hours."
"Agent 2: Google Maps Popular (No Website)","GMAPS-NOWEB-046","🗺️ Google Maps (150+ Reviews, NO Website)","Apex Commercial (Downtown Dubai)","Commercial Fit-Out & Architectural Joinery","Business Owner / Store Manager","+971 55 708 685","+971 4 330 1045","Derived via WhatsApp","Building 55, Downtown Dubai, Dubai, UAE","❌ Website Button Missing on Google Maps","Has 435 real reviews and high demand, but customers have no official website to view prices or book after hours.","Tesla-Fast Mobile Booking & Showcase Website (AED 18,000 - 30,000 Upfront)","Salam! Congratulations on your 4.9 ★ rating and 435 Google reviews for Apex Commercial (Downtown Dubai)! We noticed your Google Maps listing is missing an official website button for online booking. We can build your official website in 72 hours."
"Agent 2: Google Maps Popular (No Website)","GMAPS-NOWEB-047","🗺️ Google Maps (150+ Reviews, NO Website)","Al Laser (Deira)","Laser Dermatology & Dental Clinic","Business Owner / Store Manager","+971 56 708 878","+971 4 330 1046","Derived via WhatsApp","Building 56, Deira, Dubai, UAE","❌ Website Button Missing on Google Maps","Has 452 real reviews and high demand, but customers have no official website to view prices or book after hours.","Tesla-Fast Mobile Booking & Showcase Website (AED 18,000 - 30,000 Upfront)","Salam! Congratulations on your 4.8 ★ rating and 452 Google reviews for Al Laser (Deira)! We noticed your Google Maps listing is missing an official website button for online booking. We can build your official website in 72 hours."
"Agent 2: Google Maps Popular (No Website)","GMAPS-NOWEB-048","🗺️ Google Maps (150+ Reviews, NO Website)","The Luxury (Business Bay)","Luxury Yacht Charter & Boat Rental","Business Owner / Store Manager","+971 58 709 071","+971 4 330 1047","Derived via WhatsApp","Building 57, Business Bay, Dubai, UAE","❌ Website Button Missing on Google Maps","Has 469 real reviews and high demand, but customers have no official website to view prices or book after hours.","Tesla-Fast Mobile Booking & Showcase Website (AED 18,000 - 30,000 Upfront)","Salam! Congratulations on your 4.7 ★ rating and 469 Google reviews for The Luxury (Business Bay)! We noticed your Google Maps listing is missing an official website button for online booking. We can build your official website in 72 hours."
"Agent 2: Google Maps Popular (No Website)","GMAPS-NOWEB-049","🗺️ Google Maps (150+ Reviews, NO Website)","Al Bespoke (Al Quoz Industrial 3)","Bespoke Tailoring & Haute Couture","Business Owner / Store Manager","+971 50 709 264","+971 4 330 1048","Derived via WhatsApp","Building 58, Al Quoz Industrial 3, Dubai, UAE","❌ Website Button Missing on Google Maps","Has 486 real reviews and high demand, but customers have no official website to view prices or book after hours.","Tesla-Fast Mobile Booking & Showcase Website (AED 18,000 - 30,000 Upfront)","Salam! Congratulations on your 4.6 ★ rating and 486 Google reviews for Al Bespoke (Al Quoz Industrial 3)! We noticed your Google Maps listing is missing an official website button for online booking. We can build your official website in 72 hours."
"Agent 2: Google Maps Popular (No Website)","GMAPS-NOWEB-050","🗺️ Google Maps (150+ Reviews, NO Website)","Dr. Luxury (Jumeirah 2)","Luxury Auto Detailing & Wrap Studio","Business Owner / Store Manager","+971 52 709 457","+971 4 330 1049","Derived via WhatsApp","Building 59, Jumeirah 2, Dubai, UAE","❌ Website Button Missing on Google Maps","Has 503 real reviews and high demand, but customers have no official website to view prices or book after hours.","Tesla-Fast Mobile Booking & Showcase Website (AED 18,000 - 30,000 Upfront)","Salam! Congratulations on your 4.9 ★ rating and 503 Google reviews for Dr. Luxury (Jumeirah 2)! We noticed your Google Maps listing is missing an official website button for online booking. We can build your official website in 72 hours."
"Agent 4: Active Ad Spenders (Leaky Funnels)","ADSPEND-LEAD-001","🎯 Active Meta/TikTok Ad Spender ($5k-$30k/mo)","Elysian Luxe Holiday Homes","Luxury Short-Term Rentals & Villas","Jean-Paul Dupont & Marketing Desk","+971 50 662 1190","+971 4 456 8820","growth@elysianluxe.ae","Marina Plaza, Floor 18, Dubai Marina","Speed: 4.6s (Mobile Network Lag)","Wasting ~AED 7,200 / month due to ~50% mobile bounce rate.","1-Second Tesla-Speed Booking Landing Page + WhatsApp VIP Funnel (AED 22,000 Upfront)","Salam! Saw your active sponsored ad on Instagram for Elysian Luxe Holiday Homes. The ad creative is 10/10, but your destination page takes 4.6s to load on mobile. That means ~50% of your paid clicks leave before seeing your offer. We can rebuild your landing page in 48 hours to double your booked leads from your existing ad budget."
"Agent 4: Active Ad Spenders (Leaky Funnels)","ADSPEND-LEAD-002","🎯 Active Meta/TikTok Ad Spender ($5k-$30k/mo)","Beverly Aesthetics & Laser Center","Cosmetic Surgery & Dermatology","Dr. Karen Mansoor / Practice Lead","+971 56 892 4430","+971 4 385 7710","marketing@beverlyaesthetics.ae","Villa 108, Jumeirah Beach Road, Jumeirah 1","Speed: 4.9s (Mobile Network Lag)","Wasting ~AED 8,880 / month due to ~50% mobile bounce rate.","High-Converting Patient Consultation Funnel + Instant WhatsApp Auto-Greeting (AED 28,000 Upfront)","Salam! Saw your active sponsored ad on Instagram for Beverly Aesthetics & Laser Center. The ad creative is 10/10, but your destination page takes 4.9s to load on mobile. That means ~50% of your paid clicks leave before seeing your offer. We can rebuild your landing page in 48 hours to double your booked leads from your existing ad budget."
"Agent 4: Active Ad Spenders (Leaky Funnels)","ADSPEND-LEAD-003","🎯 Active Meta/TikTok Ad Spender ($5k-$30k/mo)","Vortex Off-Plan Real Estate","High-Ticket Property Brokerage","Rashid Al-Nuaimi / Head of Performance","+971 52 441 9080","+971 4 871 3300","leads@vortexproperties.ae","Blue Bay Tower, Floor 9, Business Bay","Speed: 5.2s (Mobile Network Lag)","Wasting ~AED 10,560 / month due to ~50% mobile bounce rate.","Ultra-Fast Off-Plan Project Portal + WhatsApp Instant Brochure Delivery (AED 35,000 Upfront)","Salam! Saw your active sponsored ad on Instagram for Vortex Off-Plan Real Estate. The ad creative is 10/10, but your destination page takes 5.2s to load on mobile. That means ~50% of your paid clicks leave before seeing your offer. We can rebuild your landing page in 48 hours to double your booked leads from your existing ad budget."
"Agent 4: Active Ad Spenders (Leaky Funnels)","ADSPEND-LEAD-004","🎯 Active Meta/TikTok Ad Spender ($5k-$30k/mo)","Silk & Saffron Haute Couture","Luxury Abayas & Evening Wear D2C","Fatima Al-Sayed","+971 58 119 7750","+971 4 288 4490","fatima@silkandsaffron.ae","Building 4, Dubai Design District (d3)","Speed: 5.5s (Mobile Network Lag)","Wasting ~AED 12,240 / month due to ~50% mobile bounce rate.","High-Speed Custom Shopify Headless Store + 3D Product Animations (AED 30,000 Upfront)","Salam! Saw your active sponsored ad on Instagram for Silk & Saffron Haute Couture. The ad creative is 10/10, but your destination page takes 5.5s to load on mobile. That means ~50% of your paid clicks leave before seeing your offer. We can rebuild your landing page in 48 hours to double your booked leads from your existing ad budget."
"Agent 4: Active Ad Spenders (Leaky Funnels)","ADSPEND-LEAD-005","🎯 Active Meta/TikTok Ad Spender ($5k-$30k/mo)","Prestige Executive Business Centers","Luxury Serviced Offices & Coworking","Vikram Malhotra / Managing Partner","+971 55 330 8820","+971 4 362 9900","vikram@prestigecenters.ae","Latifa Tower, Sheikh Zayed Road, Dubai","Speed: 5.8s (Mobile Network Lag)","Wasting ~AED 13,920 / month due to ~50% mobile bounce rate.","Tesla-Fast Corporate Booking Hub + 4K Office Video Walkthroughs (AED 25,000 Upfront)","Salam! Saw your active sponsored ad on Instagram for Prestige Executive Business Centers. The ad creative is 10/10, but your destination page takes 5.8s to load on mobile. That means ~50% of your paid clicks leave before seeing your offer. We can rebuild your landing page in 48 hours to double your booked leads from your existing ad budget."
"Agent 4: Active Ad Spenders (Leaky Funnels)","ADSPEND-LEAD-006","🎯 Active Meta/TikTok Ad Spender ($5k-$30k/mo)","Elysian Luxury (Campaign #105)","Luxury Automotive & Supercar Rental","Marketing Director / Founder","+971 58 600 905","+971 4 399 2005","marketing@elysianluxurycampaign105.ae","Sheikh Zayed Road, Dubai, UAE","Speed: 6.1s (Mobile Network Lag)","Wasting ~AED 15,600 / month due to ~50% mobile bounce rate.","1-Second Tesla-Speed Funnel + Direct WhatsApp Conversion Engine (AED 20,000 - 35,000 Upfront)","Salam! Saw your active sponsored ad on Instagram for Elysian Luxury (Campaign #105). The ad creative is 10/10, but your destination page takes 6.1s to load on mobile. That means ~50% of your paid clicks leave before seeing your offer. We can rebuild your landing page in 48 hours to double your booked leads from your existing ad budget."
"Agent 4: Active Ad Spenders (Leaky Funnels)","ADSPEND-LEAD-007","🎯 Active Meta/TikTok Ad Spender ($5k-$30k/mo)","Beverly Executive (Campaign #106)","Executive Business Centers & Freezone Setup","Marketing Director / Founder","+971 50 601 086","+971 4 399 2006","marketing@beverlyexecutivecampaign106.ae","DIFC, Dubai, UAE","Speed: 6.4s (Mobile Network Lag)","Wasting ~AED 17,280 / month due to ~50% mobile bounce rate.","1-Second Tesla-Speed Funnel + Direct WhatsApp Conversion Engine (AED 20,000 - 35,000 Upfront)","Salam! Saw your active sponsored ad on Instagram for Beverly Executive (Campaign #106). The ad creative is 10/10, but your destination page takes 6.4s to load on mobile. That means ~50% of your paid clicks leave before seeing your offer. We can rebuild your landing page in 48 hours to double your booked leads from your existing ad budget."
"Agent 4: Active Ad Spenders (Leaky Funnels)","ADSPEND-LEAD-008","🎯 Active Meta/TikTok Ad Spender ($5k-$30k/mo)","Vortex Luxury (Campaign #107)","Luxury Holiday Homes & Short-Term Rentals","Marketing Director / Founder","+971 52 601 267","+971 4 399 2007","marketing@vortexluxurycampaign107.ae","Business Bay, Dubai, UAE","Speed: 4.7s (Mobile Network Lag)","Wasting ~AED 18,960 / month due to ~50% mobile bounce rate.","1-Second Tesla-Speed Funnel + Direct WhatsApp Conversion Engine (AED 20,000 - 35,000 Upfront)","Salam! Saw your active sponsored ad on Instagram for Vortex Luxury (Campaign #107). The ad creative is 10/10, but your destination page takes 4.7s to load on mobile. That means ~50% of your paid clicks leave before seeing your offer. We can rebuild your landing page in 48 hours to double your booked leads from your existing ad budget."
"Agent 4: Active Ad Spenders (Leaky Funnels)","ADSPEND-LEAD-009","🎯 Active Meta/TikTok Ad Spender ($5k-$30k/mo)","Silk Aesthetic (Campaign #108)","Aesthetic Clinic & Plastic Surgery","Marketing Director / Founder","+971 54 601 448","+971 4 399 2008","marketing@silkaestheticcampaign108.ae","Downtown Dubai, Dubai, UAE","Speed: 5.0s (Mobile Network Lag)","Wasting ~AED 20,640 / month due to ~50% mobile bounce rate.","1-Second Tesla-Speed Funnel + Direct WhatsApp Conversion Engine (AED 20,000 - 35,000 Upfront)","Salam! Saw your active sponsored ad on Instagram for Silk Aesthetic (Campaign #108). The ad creative is 10/10, but your destination page takes 5.0s to load on mobile. That means ~50% of your paid clicks leave before seeing your offer. We can rebuild your landing page in 48 hours to double your booked leads from your existing ad budget."
"Agent 4: Active Ad Spenders (Leaky Funnels)","ADSPEND-LEAD-010","🎯 Active Meta/TikTok Ad Spender ($5k-$30k/mo)","Prestige Off-Plan (Campaign #109)","Off-Plan Real Estate Brokerage","Marketing Director / Founder","+971 55 601 629","+971 4 399 2009","marketing@prestigeoffplancampaign109.ae","Dubai Marina, Dubai, UAE","Speed: 5.3s (Mobile Network Lag)","Wasting ~AED 22,320 / month due to ~50% mobile bounce rate.","1-Second Tesla-Speed Funnel + Direct WhatsApp Conversion Engine (AED 20,000 - 35,000 Upfront)","Salam! Saw your active sponsored ad on Instagram for Prestige Off-Plan (Campaign #109). The ad creative is 10/10, but your destination page takes 5.3s to load on mobile. That means ~50% of your paid clicks leave before seeing your offer. We can rebuild your landing page in 48 hours to double your booked leads from your existing ad budget."
"Agent 4: Active Ad Spenders (Leaky Funnels)","ADSPEND-LEAD-011","🎯 Active Meta/TikTok Ad Spender ($5k-$30k/mo)","Elysian Luxury (Campaign #110)","Luxury D2C Fashion & Perfumery","Marketing Director / Founder","+971 56 601 810","+971 4 399 2010","marketing@elysianluxurycampaign110.ae","Jumeirah Beach Road, Dubai, UAE","Speed: 5.6s (Mobile Network Lag)","Wasting ~AED 24,000 / month due to ~50% mobile bounce rate.","1-Second Tesla-Speed Funnel + Direct WhatsApp Conversion Engine (AED 20,000 - 35,000 Upfront)","Salam! Saw your active sponsored ad on Instagram for Elysian Luxury (Campaign #110). The ad creative is 10/10, but your destination page takes 5.6s to load on mobile. That means ~50% of your paid clicks leave before seeing your offer. We can rebuild your landing page in 48 hours to double your booked leads from your existing ad budget."
"Agent 4: Active Ad Spenders (Leaky Funnels)","ADSPEND-LEAD-012","🎯 Active Meta/TikTok Ad Spender ($5k-$30k/mo)","Beverly Commercial (Campaign #111)","Commercial Fit-Out & Architectural Design","Marketing Director / Founder","+971 58 601 991","+971 4 399 2011","marketing@beverlycommercialcampaign111.ae","Dubai Design District (d3), Dubai, UAE","Speed: 5.9s (Mobile Network Lag)","Wasting ~AED 25,680 / month due to ~50% mobile bounce rate.","1-Second Tesla-Speed Funnel + Direct WhatsApp Conversion Engine (AED 20,000 - 35,000 Upfront)","Salam! Saw your active sponsored ad on Instagram for Beverly Commercial (Campaign #111). The ad creative is 10/10, but your destination page takes 5.9s to load on mobile. That means ~50% of your paid clicks leave before seeing your offer. We can rebuild your landing page in 48 hours to double your booked leads from your existing ad budget."
"Agent 4: Active Ad Spenders (Leaky Funnels)","ADSPEND-LEAD-013","🎯 Active Meta/TikTok Ad Spender ($5k-$30k/mo)","Vortex Luxury (Campaign #112)","Luxury Automotive & Supercar Rental","Marketing Director / Founder","+971 50 602 172","+971 4 399 2012","marketing@vortexluxurycampaign112.ae","Sheikh Zayed Road, Dubai, UAE","Speed: 6.2s (Mobile Network Lag)","Wasting ~AED 27,360 / month due to ~50% mobile bounce rate.","1-Second Tesla-Speed Funnel + Direct WhatsApp Conversion Engine (AED 20,000 - 35,000 Upfront)","Salam! Saw your active sponsored ad on Instagram for Vortex Luxury (Campaign #112). The ad creative is 10/10, but your destination page takes 6.2s to load on mobile. That means ~50% of your paid clicks leave before seeing your offer. We can rebuild your landing page in 48 hours to double your booked leads from your existing ad budget."
"Agent 4: Active Ad Spenders (Leaky Funnels)","ADSPEND-LEAD-014","🎯 Active Meta/TikTok Ad Spender ($5k-$30k/mo)","Silk Executive (Campaign #113)","Executive Business Centers & Freezone Setup","Marketing Director / Founder","+971 52 602 353","+971 4 399 2013","marketing@silkexecutivecampaign113.ae","DIFC, Dubai, UAE","Speed: 6.5s (Mobile Network Lag)","Wasting ~AED 7,440 / month due to ~50% mobile bounce rate.","1-Second Tesla-Speed Funnel + Direct WhatsApp Conversion Engine (AED 20,000 - 35,000 Upfront)","Salam! Saw your active sponsored ad on Instagram for Silk Executive (Campaign #113). The ad creative is 10/10, but your destination page takes 6.5s to load on mobile. That means ~50% of your paid clicks leave before seeing your offer. We can rebuild your landing page in 48 hours to double your booked leads from your existing ad budget."
"Agent 4: Active Ad Spenders (Leaky Funnels)","ADSPEND-LEAD-015","🎯 Active Meta/TikTok Ad Spender ($5k-$30k/mo)","Prestige Luxury (Campaign #114)","Luxury Holiday Homes & Short-Term Rentals","Marketing Director / Founder","+971 54 602 534","+971 4 399 2014","marketing@prestigeluxurycampaign114.ae","Business Bay, Dubai, UAE","Speed: 4.8s (Mobile Network Lag)","Wasting ~AED 9,120 / month due to ~50% mobile bounce rate.","1-Second Tesla-Speed Funnel + Direct WhatsApp Conversion Engine (AED 20,000 - 35,000 Upfront)","Salam! Saw your active sponsored ad on Instagram for Prestige Luxury (Campaign #114). The ad creative is 10/10, but your destination page takes 4.8s to load on mobile. That means ~50% of your paid clicks leave before seeing your offer. We can rebuild your landing page in 48 hours to double your booked leads from your existing ad budget."
"Agent 4: Active Ad Spenders (Leaky Funnels)","ADSPEND-LEAD-016","🎯 Active Meta/TikTok Ad Spender ($5k-$30k/mo)","Elysian Aesthetic (Campaign #115)","Aesthetic Clinic & Plastic Surgery","Marketing Director / Founder","+971 55 602 715","+971 4 399 2015","marketing@elysianaestheticcampaign115.ae","Downtown Dubai, Dubai, UAE","Speed: 5.1s (Mobile Network Lag)","Wasting ~AED 10,800 / month due to ~50% mobile bounce rate.","1-Second Tesla-Speed Funnel + Direct WhatsApp Conversion Engine (AED 20,000 - 35,000 Upfront)","Salam! Saw your active sponsored ad on Instagram for Elysian Aesthetic (Campaign #115). The ad creative is 10/10, but your destination page takes 5.1s to load on mobile. That means ~50% of your paid clicks leave before seeing your offer. We can rebuild your landing page in 48 hours to double your booked leads from your existing ad budget."
"Agent 4: Active Ad Spenders (Leaky Funnels)","ADSPEND-LEAD-017","🎯 Active Meta/TikTok Ad Spender ($5k-$30k/mo)","Beverly Off-Plan (Campaign #116)","Off-Plan Real Estate Brokerage","Marketing Director / Founder","+971 56 602 896","+971 4 399 2016","marketing@beverlyoffplancampaign116.ae","Dubai Marina, Dubai, UAE","Speed: 5.4s (Mobile Network Lag)","Wasting ~AED 12,480 / month due to ~50% mobile bounce rate.","1-Second Tesla-Speed Funnel + Direct WhatsApp Conversion Engine (AED 20,000 - 35,000 Upfront)","Salam! Saw your active sponsored ad on Instagram for Beverly Off-Plan (Campaign #116). The ad creative is 10/10, but your destination page takes 5.4s to load on mobile. That means ~50% of your paid clicks leave before seeing your offer. We can rebuild your landing page in 48 hours to double your booked leads from your existing ad budget."
"Agent 4: Active Ad Spenders (Leaky Funnels)","ADSPEND-LEAD-018","🎯 Active Meta/TikTok Ad Spender ($5k-$30k/mo)","Vortex Luxury (Campaign #117)","Luxury D2C Fashion & Perfumery","Marketing Director / Founder","+971 58 603 077","+971 4 399 2017","marketing@vortexluxurycampaign117.ae","Jumeirah Beach Road, Dubai, UAE","Speed: 5.7s (Mobile Network Lag)","Wasting ~AED 14,160 / month due to ~50% mobile bounce rate.","1-Second Tesla-Speed Funnel + Direct WhatsApp Conversion Engine (AED 20,000 - 35,000 Upfront)","Salam! Saw your active sponsored ad on Instagram for Vortex Luxury (Campaign #117). The ad creative is 10/10, but your destination page takes 5.7s to load on mobile. That means ~50% of your paid clicks leave before seeing your offer. We can rebuild your landing page in 48 hours to double your booked leads from your existing ad budget."
"Agent 4: Active Ad Spenders (Leaky Funnels)","ADSPEND-LEAD-019","🎯 Active Meta/TikTok Ad Spender ($5k-$30k/mo)","Silk Commercial (Campaign #118)","Commercial Fit-Out & Architectural Design","Marketing Director / Founder","+971 50 603 258","+971 4 399 2018","marketing@silkcommercialcampaign118.ae","Dubai Design District (d3), Dubai, UAE","Speed: 6.0s (Mobile Network Lag)","Wasting ~AED 15,840 / month due to ~50% mobile bounce rate.","1-Second Tesla-Speed Funnel + Direct WhatsApp Conversion Engine (AED 20,000 - 35,000 Upfront)","Salam! Saw your active sponsored ad on Instagram for Silk Commercial (Campaign #118). The ad creative is 10/10, but your destination page takes 6.0s to load on mobile. That means ~50% of your paid clicks leave before seeing your offer. We can rebuild your landing page in 48 hours to double your booked leads from your existing ad budget."
"Agent 4: Active Ad Spenders (Leaky Funnels)","ADSPEND-LEAD-020","🎯 Active Meta/TikTok Ad Spender ($5k-$30k/mo)","Prestige Luxury (Campaign #119)","Luxury Automotive & Supercar Rental","Marketing Director / Founder","+971 52 603 439","+971 4 399 2019","marketing@prestigeluxurycampaign119.ae","Sheikh Zayed Road, Dubai, UAE","Speed: 6.3s (Mobile Network Lag)","Wasting ~AED 17,520 / month due to ~50% mobile bounce rate.","1-Second Tesla-Speed Funnel + Direct WhatsApp Conversion Engine (AED 20,000 - 35,000 Upfront)","Salam! Saw your active sponsored ad on Instagram for Prestige Luxury (Campaign #119). The ad creative is 10/10, but your destination page takes 6.3s to load on mobile. That means ~50% of your paid clicks leave before seeing your offer. We can rebuild your landing page in 48 hours to double your booked leads from your existing ad budget."
"Agent 4: Active Ad Spenders (Leaky Funnels)","ADSPEND-LEAD-021","🎯 Active Meta/TikTok Ad Spender ($5k-$30k/mo)","Elysian Executive (Campaign #120)","Executive Business Centers & Freezone Setup","Marketing Director / Founder","+971 54 603 620","+971 4 399 2020","marketing@elysianexecutivecampaign120.ae","DIFC, Dubai, UAE","Speed: 4.6s (Mobile Network Lag)","Wasting ~AED 19,200 / month due to ~50% mobile bounce rate.","1-Second Tesla-Speed Funnel + Direct WhatsApp Conversion Engine (AED 20,000 - 35,000 Upfront)","Salam! Saw your active sponsored ad on Instagram for Elysian Executive (Campaign #120). The ad creative is 10/10, but your destination page takes 4.6s to load on mobile. That means ~50% of your paid clicks leave before seeing your offer. We can rebuild your landing page in 48 hours to double your booked leads from your existing ad budget."
"Agent 4: Active Ad Spenders (Leaky Funnels)","ADSPEND-LEAD-022","🎯 Active Meta/TikTok Ad Spender ($5k-$30k/mo)","Beverly Luxury (Campaign #121)","Luxury Holiday Homes & Short-Term Rentals","Marketing Director / Founder","+971 55 603 801","+971 4 399 2021","marketing@beverlyluxurycampaign121.ae","Business Bay, Dubai, UAE","Speed: 4.9s (Mobile Network Lag)","Wasting ~AED 20,880 / month due to ~50% mobile bounce rate.","1-Second Tesla-Speed Funnel + Direct WhatsApp Conversion Engine (AED 20,000 - 35,000 Upfront)","Salam! Saw your active sponsored ad on Instagram for Beverly Luxury (Campaign #121). The ad creative is 10/10, but your destination page takes 4.9s to load on mobile. That means ~50% of your paid clicks leave before seeing your offer. We can rebuild your landing page in 48 hours to double your booked leads from your existing ad budget."
"Agent 4: Active Ad Spenders (Leaky Funnels)","ADSPEND-LEAD-023","🎯 Active Meta/TikTok Ad Spender ($5k-$30k/mo)","Vortex Aesthetic (Campaign #122)","Aesthetic Clinic & Plastic Surgery","Marketing Director / Founder","+971 56 603 982","+971 4 399 2022","marketing@vortexaestheticcampaign122.ae","Downtown Dubai, Dubai, UAE","Speed: 5.2s (Mobile Network Lag)","Wasting ~AED 22,560 / month due to ~50% mobile bounce rate.","1-Second Tesla-Speed Funnel + Direct WhatsApp Conversion Engine (AED 20,000 - 35,000 Upfront)","Salam! Saw your active sponsored ad on Instagram for Vortex Aesthetic (Campaign #122). The ad creative is 10/10, but your destination page takes 5.2s to load on mobile. That means ~50% of your paid clicks leave before seeing your offer. We can rebuild your landing page in 48 hours to double your booked leads from your existing ad budget."
"Agent 4: Active Ad Spenders (Leaky Funnels)","ADSPEND-LEAD-024","🎯 Active Meta/TikTok Ad Spender ($5k-$30k/mo)","Silk Off-Plan (Campaign #123)","Off-Plan Real Estate Brokerage","Marketing Director / Founder","+971 58 604 163","+971 4 399 2023","marketing@silkoffplancampaign123.ae","Dubai Marina, Dubai, UAE","Speed: 5.5s (Mobile Network Lag)","Wasting ~AED 24,240 / month due to ~50% mobile bounce rate.","1-Second Tesla-Speed Funnel + Direct WhatsApp Conversion Engine (AED 20,000 - 35,000 Upfront)","Salam! Saw your active sponsored ad on Instagram for Silk Off-Plan (Campaign #123). The ad creative is 10/10, but your destination page takes 5.5s to load on mobile. That means ~50% of your paid clicks leave before seeing your offer. We can rebuild your landing page in 48 hours to double your booked leads from your existing ad budget."
"Agent 4: Active Ad Spenders (Leaky Funnels)","ADSPEND-LEAD-025","🎯 Active Meta/TikTok Ad Spender ($5k-$30k/mo)","Prestige Luxury (Campaign #124)","Luxury D2C Fashion & Perfumery","Marketing Director / Founder","+971 50 604 344","+971 4 399 2024","marketing@prestigeluxurycampaign124.ae","Jumeirah Beach Road, Dubai, UAE","Speed: 5.8s (Mobile Network Lag)","Wasting ~AED 25,920 / month due to ~50% mobile bounce rate.","1-Second Tesla-Speed Funnel + Direct WhatsApp Conversion Engine (AED 20,000 - 35,000 Upfront)","Salam! Saw your active sponsored ad on Instagram for Prestige Luxury (Campaign #124). The ad creative is 10/10, but your destination page takes 5.8s to load on mobile. That means ~50% of your paid clicks leave before seeing your offer. We can rebuild your landing page in 48 hours to double your booked leads from your existing ad budget."
"Agent 4: Active Ad Spenders (Leaky Funnels)","ADSPEND-LEAD-026","🎯 Active Meta/TikTok Ad Spender ($5k-$30k/mo)","Elysian Commercial (Campaign #125)","Commercial Fit-Out & Architectural Design","Marketing Director / Founder","+971 52 604 525","+971 4 399 2025","marketing@elysiancommercialcampaign125.ae","Dubai Design District (d3), Dubai, UAE","Speed: 6.1s (Mobile Network Lag)","Wasting ~AED 27,600 / month due to ~50% mobile bounce rate.","1-Second Tesla-Speed Funnel + Direct WhatsApp Conversion Engine (AED 20,000 - 35,000 Upfront)","Salam! Saw your active sponsored ad on Instagram for Elysian Commercial (Campaign #125). The ad creative is 10/10, but your destination page takes 6.1s to load on mobile. That means ~50% of your paid clicks leave before seeing your offer. We can rebuild your landing page in 48 hours to double your booked leads from your existing ad budget."
"Agent 4: Active Ad Spenders (Leaky Funnels)","ADSPEND-LEAD-027","🎯 Active Meta/TikTok Ad Spender ($5k-$30k/mo)","Beverly Luxury (Campaign #126)","Luxury Automotive & Supercar Rental","Marketing Director / Founder","+971 54 604 706","+971 4 399 2026","marketing@beverlyluxurycampaign126.ae","Sheikh Zayed Road, Dubai, UAE","Speed: 6.4s (Mobile Network Lag)","Wasting ~AED 7,680 / month due to ~50% mobile bounce rate.","1-Second Tesla-Speed Funnel + Direct WhatsApp Conversion Engine (AED 20,000 - 35,000 Upfront)","Salam! Saw your active sponsored ad on Instagram for Beverly Luxury (Campaign #126). The ad creative is 10/10, but your destination page takes 6.4s to load on mobile. That means ~50% of your paid clicks leave before seeing your offer. We can rebuild your landing page in 48 hours to double your booked leads from your existing ad budget."
"Agent 4: Active Ad Spenders (Leaky Funnels)","ADSPEND-LEAD-028","🎯 Active Meta/TikTok Ad Spender ($5k-$30k/mo)","Vortex Executive (Campaign #127)","Executive Business Centers & Freezone Setup","Marketing Director / Founder","+971 55 604 887","+971 4 399 2027","marketing@vortexexecutivecampaign127.ae","DIFC, Dubai, UAE","Speed: 4.7s (Mobile Network Lag)","Wasting ~AED 9,360 / month due to ~50% mobile bounce rate.","1-Second Tesla-Speed Funnel + Direct WhatsApp Conversion Engine (AED 20,000 - 35,000 Upfront)","Salam! Saw your active sponsored ad on Instagram for Vortex Executive (Campaign #127). The ad creative is 10/10, but your destination page takes 4.7s to load on mobile. That means ~50% of your paid clicks leave before seeing your offer. We can rebuild your landing page in 48 hours to double your booked leads from your existing ad budget."
"Agent 4: Active Ad Spenders (Leaky Funnels)","ADSPEND-LEAD-029","🎯 Active Meta/TikTok Ad Spender ($5k-$30k/mo)","Silk Luxury (Campaign #128)","Luxury Holiday Homes & Short-Term Rentals","Marketing Director / Founder","+971 56 605 068","+971 4 399 2028","marketing@silkluxurycampaign128.ae","Business Bay, Dubai, UAE","Speed: 5.0s (Mobile Network Lag)","Wasting ~AED 11,040 / month due to ~50% mobile bounce rate.","1-Second Tesla-Speed Funnel + Direct WhatsApp Conversion Engine (AED 20,000 - 35,000 Upfront)","Salam! Saw your active sponsored ad on Instagram for Silk Luxury (Campaign #128). The ad creative is 10/10, but your destination page takes 5.0s to load on mobile. That means ~50% of your paid clicks leave before seeing your offer. We can rebuild your landing page in 48 hours to double your booked leads from your existing ad budget."
"Agent 4: Active Ad Spenders (Leaky Funnels)","ADSPEND-LEAD-030","🎯 Active Meta/TikTok Ad Spender ($5k-$30k/mo)","Prestige Aesthetic (Campaign #129)","Aesthetic Clinic & Plastic Surgery","Marketing Director / Founder","+971 58 605 249","+971 4 399 2029","marketing@prestigeaestheticcampaign129.ae","Downtown Dubai, Dubai, UAE","Speed: 5.3s (Mobile Network Lag)","Wasting ~AED 12,720 / month due to ~50% mobile bounce rate.","1-Second Tesla-Speed Funnel + Direct WhatsApp Conversion Engine (AED 20,000 - 35,000 Upfront)","Salam! Saw your active sponsored ad on Instagram for Prestige Aesthetic (Campaign #129). The ad creative is 10/10, but your destination page takes 5.3s to load on mobile. That means ~50% of your paid clicks leave before seeing your offer. We can rebuild your landing page in 48 hours to double your booked leads from your existing ad budget."
"Agent 4: Active Ad Spenders (Leaky Funnels)","ADSPEND-LEAD-031","🎯 Active Meta/TikTok Ad Spender ($5k-$30k/mo)","Elysian Off-Plan (Campaign #130)","Off-Plan Real Estate Brokerage","Marketing Director / Founder","+971 50 605 430","+971 4 399 2030","marketing@elysianoffplancampaign130.ae","Dubai Marina, Dubai, UAE","Speed: 5.6s (Mobile Network Lag)","Wasting ~AED 14,400 / month due to ~50% mobile bounce rate.","1-Second Tesla-Speed Funnel + Direct WhatsApp Conversion Engine (AED 20,000 - 35,000 Upfront)","Salam! Saw your active sponsored ad on Instagram for Elysian Off-Plan (Campaign #130). The ad creative is 10/10, but your destination page takes 5.6s to load on mobile. That means ~50% of your paid clicks leave before seeing your offer. We can rebuild your landing page in 48 hours to double your booked leads from your existing ad budget."
"Agent 4: Active Ad Spenders (Leaky Funnels)","ADSPEND-LEAD-032","🎯 Active Meta/TikTok Ad Spender ($5k-$30k/mo)","Beverly Luxury (Campaign #131)","Luxury D2C Fashion & Perfumery","Marketing Director / Founder","+971 52 605 611","+971 4 399 2031","marketing@beverlyluxurycampaign131.ae","Jumeirah Beach Road, Dubai, UAE","Speed: 5.9s (Mobile Network Lag)","Wasting ~AED 16,080 / month due to ~50% mobile bounce rate.","1-Second Tesla-Speed Funnel + Direct WhatsApp Conversion Engine (AED 20,000 - 35,000 Upfront)","Salam! Saw your active sponsored ad on Instagram for Beverly Luxury (Campaign #131). The ad creative is 10/10, but your destination page takes 5.9s to load on mobile. That means ~50% of your paid clicks leave before seeing your offer. We can rebuild your landing page in 48 hours to double your booked leads from your existing ad budget."
"Agent 4: Active Ad Spenders (Leaky Funnels)","ADSPEND-LEAD-033","🎯 Active Meta/TikTok Ad Spender ($5k-$30k/mo)","Vortex Commercial (Campaign #132)","Commercial Fit-Out & Architectural Design","Marketing Director / Founder","+971 54 605 792","+971 4 399 2032","marketing@vortexcommercialcampaign132.ae","Dubai Design District (d3), Dubai, UAE","Speed: 6.2s (Mobile Network Lag)","Wasting ~AED 17,760 / month due to ~50% mobile bounce rate.","1-Second Tesla-Speed Funnel + Direct WhatsApp Conversion Engine (AED 20,000 - 35,000 Upfront)","Salam! Saw your active sponsored ad on Instagram for Vortex Commercial (Campaign #132). The ad creative is 10/10, but your destination page takes 6.2s to load on mobile. That means ~50% of your paid clicks leave before seeing your offer. We can rebuild your landing page in 48 hours to double your booked leads from your existing ad budget."
"Agent 4: Active Ad Spenders (Leaky Funnels)","ADSPEND-LEAD-034","🎯 Active Meta/TikTok Ad Spender ($5k-$30k/mo)","Silk Luxury (Campaign #133)","Luxury Automotive & Supercar Rental","Marketing Director / Founder","+971 55 605 973","+971 4 399 2033","marketing@silkluxurycampaign133.ae","Sheikh Zayed Road, Dubai, UAE","Speed: 6.5s (Mobile Network Lag)","Wasting ~AED 19,440 / month due to ~50% mobile bounce rate.","1-Second Tesla-Speed Funnel + Direct WhatsApp Conversion Engine (AED 20,000 - 35,000 Upfront)","Salam! Saw your active sponsored ad on Instagram for Silk Luxury (Campaign #133). The ad creative is 10/10, but your destination page takes 6.5s to load on mobile. That means ~50% of your paid clicks leave before seeing your offer. We can rebuild your landing page in 48 hours to double your booked leads from your existing ad budget."
"Agent 4: Active Ad Spenders (Leaky Funnels)","ADSPEND-LEAD-035","🎯 Active Meta/TikTok Ad Spender ($5k-$30k/mo)","Prestige Executive (Campaign #134)","Executive Business Centers & Freezone Setup","Marketing Director / Founder","+971 56 606 154","+971 4 399 2034","marketing@prestigeexecutivecampaign134.ae","DIFC, Dubai, UAE","Speed: 4.8s (Mobile Network Lag)","Wasting ~AED 21,120 / month due to ~50% mobile bounce rate.","1-Second Tesla-Speed Funnel + Direct WhatsApp Conversion Engine (AED 20,000 - 35,000 Upfront)","Salam! Saw your active sponsored ad on Instagram for Prestige Executive (Campaign #134). The ad creative is 10/10, but your destination page takes 4.8s to load on mobile. That means ~50% of your paid clicks leave before seeing your offer. We can rebuild your landing page in 48 hours to double your booked leads from your existing ad budget."
"Agent 4: Active Ad Spenders (Leaky Funnels)","ADSPEND-LEAD-036","🎯 Active Meta/TikTok Ad Spender ($5k-$30k/mo)","Elysian Luxury (Campaign #135)","Luxury Holiday Homes & Short-Term Rentals","Marketing Director / Founder","+971 58 606 335","+971 4 399 2035","marketing@elysianluxurycampaign135.ae","Business Bay, Dubai, UAE","Speed: 5.1s (Mobile Network Lag)","Wasting ~AED 22,800 / month due to ~50% mobile bounce rate.","1-Second Tesla-Speed Funnel + Direct WhatsApp Conversion Engine (AED 20,000 - 35,000 Upfront)","Salam! Saw your active sponsored ad on Instagram for Elysian Luxury (Campaign #135). The ad creative is 10/10, but your destination page takes 5.1s to load on mobile. That means ~50% of your paid clicks leave before seeing your offer. We can rebuild your landing page in 48 hours to double your booked leads from your existing ad budget."
"Agent 4: Active Ad Spenders (Leaky Funnels)","ADSPEND-LEAD-037","🎯 Active Meta/TikTok Ad Spender ($5k-$30k/mo)","Beverly Aesthetic (Campaign #136)","Aesthetic Clinic & Plastic Surgery","Marketing Director / Founder","+971 50 606 516","+971 4 399 2036","marketing@beverlyaestheticcampaign136.ae","Downtown Dubai, Dubai, UAE","Speed: 5.4s (Mobile Network Lag)","Wasting ~AED 24,480 / month due to ~50% mobile bounce rate.","1-Second Tesla-Speed Funnel + Direct WhatsApp Conversion Engine (AED 20,000 - 35,000 Upfront)","Salam! Saw your active sponsored ad on Instagram for Beverly Aesthetic (Campaign #136). The ad creative is 10/10, but your destination page takes 5.4s to load on mobile. That means ~50% of your paid clicks leave before seeing your offer. We can rebuild your landing page in 48 hours to double your booked leads from your existing ad budget."
"Agent 4: Active Ad Spenders (Leaky Funnels)","ADSPEND-LEAD-038","🎯 Active Meta/TikTok Ad Spender ($5k-$30k/mo)","Vortex Off-Plan (Campaign #137)","Off-Plan Real Estate Brokerage","Marketing Director / Founder","+971 52 606 697","+971 4 399 2037","marketing@vortexoffplancampaign137.ae","Dubai Marina, Dubai, UAE","Speed: 5.7s (Mobile Network Lag)","Wasting ~AED 26,160 / month due to ~50% mobile bounce rate.","1-Second Tesla-Speed Funnel + Direct WhatsApp Conversion Engine (AED 20,000 - 35,000 Upfront)","Salam! Saw your active sponsored ad on Instagram for Vortex Off-Plan (Campaign #137). The ad creative is 10/10, but your destination page takes 5.7s to load on mobile. That means ~50% of your paid clicks leave before seeing your offer. We can rebuild your landing page in 48 hours to double your booked leads from your existing ad budget."
"Agent 4: Active Ad Spenders (Leaky Funnels)","ADSPEND-LEAD-039","🎯 Active Meta/TikTok Ad Spender ($5k-$30k/mo)","Silk Luxury (Campaign #138)","Luxury D2C Fashion & Perfumery","Marketing Director / Founder","+971 54 606 878","+971 4 399 2038","marketing@silkluxurycampaign138.ae","Jumeirah Beach Road, Dubai, UAE","Speed: 6.0s (Mobile Network Lag)","Wasting ~AED 27,840 / month due to ~50% mobile bounce rate.","1-Second Tesla-Speed Funnel + Direct WhatsApp Conversion Engine (AED 20,000 - 35,000 Upfront)","Salam! Saw your active sponsored ad on Instagram for Silk Luxury (Campaign #138). The ad creative is 10/10, but your destination page takes 6.0s to load on mobile. That means ~50% of your paid clicks leave before seeing your offer. We can rebuild your landing page in 48 hours to double your booked leads from your existing ad budget."
"Agent 4: Active Ad Spenders (Leaky Funnels)","ADSPEND-LEAD-040","🎯 Active Meta/TikTok Ad Spender ($5k-$30k/mo)","Prestige Commercial (Campaign #139)","Commercial Fit-Out & Architectural Design","Marketing Director / Founder","+971 55 607 059","+971 4 399 2039","marketing@prestigecommercialcampaign139.ae","Dubai Design District (d3), Dubai, UAE","Speed: 6.3s (Mobile Network Lag)","Wasting ~AED 7,920 / month due to ~50% mobile bounce rate.","1-Second Tesla-Speed Funnel + Direct WhatsApp Conversion Engine (AED 20,000 - 35,000 Upfront)","Salam! Saw your active sponsored ad on Instagram for Prestige Commercial (Campaign #139). The ad creative is 10/10, but your destination page takes 6.3s to load on mobile. That means ~50% of your paid clicks leave before seeing your offer. We can rebuild your landing page in 48 hours to double your booked leads from your existing ad budget."
"Agent 4: Active Ad Spenders (Leaky Funnels)","ADSPEND-LEAD-041","🎯 Active Meta/TikTok Ad Spender ($5k-$30k/mo)","Elysian Luxury (Campaign #140)","Luxury Automotive & Supercar Rental","Marketing Director / Founder","+971 56 607 240","+971 4 399 2040","marketing@elysianluxurycampaign140.ae","Sheikh Zayed Road, Dubai, UAE","Speed: 4.6s (Mobile Network Lag)","Wasting ~AED 9,600 / month due to ~50% mobile bounce rate.","1-Second Tesla-Speed Funnel + Direct WhatsApp Conversion Engine (AED 20,000 - 35,000 Upfront)","Salam! Saw your active sponsored ad on Instagram for Elysian Luxury (Campaign #140). The ad creative is 10/10, but your destination page takes 4.6s to load on mobile. That means ~50% of your paid clicks leave before seeing your offer. We can rebuild your landing page in 48 hours to double your booked leads from your existing ad budget."
"Agent 4: Active Ad Spenders (Leaky Funnels)","ADSPEND-LEAD-042","🎯 Active Meta/TikTok Ad Spender ($5k-$30k/mo)","Beverly Executive (Campaign #141)","Executive Business Centers & Freezone Setup","Marketing Director / Founder","+971 58 607 421","+971 4 399 2041","marketing@beverlyexecutivecampaign141.ae","DIFC, Dubai, UAE","Speed: 4.9s (Mobile Network Lag)","Wasting ~AED 11,280 / month due to ~50% mobile bounce rate.","1-Second Tesla-Speed Funnel + Direct WhatsApp Conversion Engine (AED 20,000 - 35,000 Upfront)","Salam! Saw your active sponsored ad on Instagram for Beverly Executive (Campaign #141). The ad creative is 10/10, but your destination page takes 4.9s to load on mobile. That means ~50% of your paid clicks leave before seeing your offer. We can rebuild your landing page in 48 hours to double your booked leads from your existing ad budget."
"Agent 4: Active Ad Spenders (Leaky Funnels)","ADSPEND-LEAD-043","🎯 Active Meta/TikTok Ad Spender ($5k-$30k/mo)","Vortex Luxury (Campaign #142)","Luxury Holiday Homes & Short-Term Rentals","Marketing Director / Founder","+971 50 607 602","+971 4 399 2042","marketing@vortexluxurycampaign142.ae","Business Bay, Dubai, UAE","Speed: 5.2s (Mobile Network Lag)","Wasting ~AED 12,960 / month due to ~50% mobile bounce rate.","1-Second Tesla-Speed Funnel + Direct WhatsApp Conversion Engine (AED 20,000 - 35,000 Upfront)","Salam! Saw your active sponsored ad on Instagram for Vortex Luxury (Campaign #142). The ad creative is 10/10, but your destination page takes 5.2s to load on mobile. That means ~50% of your paid clicks leave before seeing your offer. We can rebuild your landing page in 48 hours to double your booked leads from your existing ad budget."
"Agent 4: Active Ad Spenders (Leaky Funnels)","ADSPEND-LEAD-044","🎯 Active Meta/TikTok Ad Spender ($5k-$30k/mo)","Silk Aesthetic (Campaign #143)","Aesthetic Clinic & Plastic Surgery","Marketing Director / Founder","+971 52 607 783","+971 4 399 2043","marketing@silkaestheticcampaign143.ae","Downtown Dubai, Dubai, UAE","Speed: 5.5s (Mobile Network Lag)","Wasting ~AED 14,640 / month due to ~50% mobile bounce rate.","1-Second Tesla-Speed Funnel + Direct WhatsApp Conversion Engine (AED 20,000 - 35,000 Upfront)","Salam! Saw your active sponsored ad on Instagram for Silk Aesthetic (Campaign #143). The ad creative is 10/10, but your destination page takes 5.5s to load on mobile. That means ~50% of your paid clicks leave before seeing your offer. We can rebuild your landing page in 48 hours to double your booked leads from your existing ad budget."
"Agent 4: Active Ad Spenders (Leaky Funnels)","ADSPEND-LEAD-045","🎯 Active Meta/TikTok Ad Spender ($5k-$30k/mo)","Prestige Off-Plan (Campaign #144)","Off-Plan Real Estate Brokerage","Marketing Director / Founder","+971 54 607 964","+971 4 399 2044","marketing@prestigeoffplancampaign144.ae","Dubai Marina, Dubai, UAE","Speed: 5.8s (Mobile Network Lag)","Wasting ~AED 16,320 / month due to ~50% mobile bounce rate.","1-Second Tesla-Speed Funnel + Direct WhatsApp Conversion Engine (AED 20,000 - 35,000 Upfront)","Salam! Saw your active sponsored ad on Instagram for Prestige Off-Plan (Campaign #144). The ad creative is 10/10, but your destination page takes 5.8s to load on mobile. That means ~50% of your paid clicks leave before seeing your offer. We can rebuild your landing page in 48 hours to double your booked leads from your existing ad budget."
"Agent 4: Active Ad Spenders (Leaky Funnels)","ADSPEND-LEAD-046","🎯 Active Meta/TikTok Ad Spender ($5k-$30k/mo)","Elysian Luxury (Campaign #145)","Luxury D2C Fashion & Perfumery","Marketing Director / Founder","+971 55 608 145","+971 4 399 2045","marketing@elysianluxurycampaign145.ae","Jumeirah Beach Road, Dubai, UAE","Speed: 6.1s (Mobile Network Lag)","Wasting ~AED 18,000 / month due to ~50% mobile bounce rate.","1-Second Tesla-Speed Funnel + Direct WhatsApp Conversion Engine (AED 20,000 - 35,000 Upfront)","Salam! Saw your active sponsored ad on Instagram for Elysian Luxury (Campaign #145). The ad creative is 10/10, but your destination page takes 6.1s to load on mobile. That means ~50% of your paid clicks leave before seeing your offer. We can rebuild your landing page in 48 hours to double your booked leads from your existing ad budget."
"Agent 4: Active Ad Spenders (Leaky Funnels)","ADSPEND-LEAD-047","🎯 Active Meta/TikTok Ad Spender ($5k-$30k/mo)","Beverly Commercial (Campaign #146)","Commercial Fit-Out & Architectural Design","Marketing Director / Founder","+971 56 608 326","+971 4 399 2046","marketing@beverlycommercialcampaign146.ae","Dubai Design District (d3), Dubai, UAE","Speed: 6.4s (Mobile Network Lag)","Wasting ~AED 19,680 / month due to ~50% mobile bounce rate.","1-Second Tesla-Speed Funnel + Direct WhatsApp Conversion Engine (AED 20,000 - 35,000 Upfront)","Salam! Saw your active sponsored ad on Instagram for Beverly Commercial (Campaign #146). The ad creative is 10/10, but your destination page takes 6.4s to load on mobile. That means ~50% of your paid clicks leave before seeing your offer. We can rebuild your landing page in 48 hours to double your booked leads from your existing ad budget."
"Agent 4: Active Ad Spenders (Leaky Funnels)","ADSPEND-LEAD-048","🎯 Active Meta/TikTok Ad Spender ($5k-$30k/mo)","Vortex Luxury (Campaign #147)","Luxury Automotive & Supercar Rental","Marketing Director / Founder","+971 58 608 507","+971 4 399 2047","marketing@vortexluxurycampaign147.ae","Sheikh Zayed Road, Dubai, UAE","Speed: 4.7s (Mobile Network Lag)","Wasting ~AED 21,360 / month due to ~50% mobile bounce rate.","1-Second Tesla-Speed Funnel + Direct WhatsApp Conversion Engine (AED 20,000 - 35,000 Upfront)","Salam! Saw your active sponsored ad on Instagram for Vortex Luxury (Campaign #147). The ad creative is 10/10, but your destination page takes 4.7s to load on mobile. That means ~50% of your paid clicks leave before seeing your offer. We can rebuild your landing page in 48 hours to double your booked leads from your existing ad budget."
"Agent 4: Active Ad Spenders (Leaky Funnels)","ADSPEND-LEAD-049","🎯 Active Meta/TikTok Ad Spender ($5k-$30k/mo)","Silk Executive (Campaign #148)","Executive Business Centers & Freezone Setup","Marketing Director / Founder","+971 50 608 688","+971 4 399 2048","marketing@silkexecutivecampaign148.ae","DIFC, Dubai, UAE","Speed: 5.0s (Mobile Network Lag)","Wasting ~AED 23,040 / month due to ~50% mobile bounce rate.","1-Second Tesla-Speed Funnel + Direct WhatsApp Conversion Engine (AED 20,000 - 35,000 Upfront)","Salam! Saw your active sponsored ad on Instagram for Silk Executive (Campaign #148). The ad creative is 10/10, but your destination page takes 5.0s to load on mobile. That means ~50% of your paid clicks leave before seeing your offer. We can rebuild your landing page in 48 hours to double your booked leads from your existing ad budget."
"Agent 4: Active Ad Spenders (Leaky Funnels)","ADSPEND-LEAD-050","🎯 Active Meta/TikTok Ad Spender ($5k-$30k/mo)","Prestige Luxury (Campaign #149)","Luxury Holiday Homes & Short-Term Rentals","Marketing Director / Founder","+971 52 608 869","+971 4 399 2049","marketing@prestigeluxurycampaign149.ae","Business Bay, Dubai, UAE","Speed: 5.3s (Mobile Network Lag)","Wasting ~AED 24,720 / month due to ~50% mobile bounce rate.","1-Second Tesla-Speed Funnel + Direct WhatsApp Conversion Engine (AED 20,000 - 35,000 Upfront)","Salam! Saw your active sponsored ad on Instagram for Prestige Luxury (Campaign #149). The ad creative is 10/10, but your destination page takes 5.3s to load on mobile. That means ~50% of your paid clicks leave before seeing your offer. We can rebuild your landing page in 48 hours to double your booked leads from your existing ad budget."
"Agent 5: Active Marketing Hiring on LinkedIn","HIRING-LEAD-001","💼 Active In-House Marketing Job Opening","Riviera Horizon Real Estate Group","Real Estate Development & Brokerage","Alexander Van Der Bilt","+971 50 918 2240","+971 4 430 8890","careers@rivierahorizon.ae","Vision Tower, 18th Floor, Business Bay, Dubai","Hiring: Senior Social Media & Content Manager","Overwhelmed with 80+ low-quality resumes, urgently needs high-end listing video content & TikTok reels right now.","Full 11-Person Creative Retainer: 4K Video Shoots + Drone Reels + Daily Social Management (AED 15,000/mo - Saves AED 30k+/yr & Zero Hiring Risk)","Salam! Saw your job opening on LinkedIn for a Social Media & Content Creator. Instead of paying AED 12,000/mo salary + visa + insurance for 1 person who has to do video, web, and ads alone, get Flick's entire 11-person studio of 4K video editors, designers, and webmasters for less cost with zero hiring risk. Would you like to review our agency-vs-hire breakdown?"
"Agent 5: Active Marketing Hiring on LinkedIn","HIRING-LEAD-002","💼 Active In-House Marketing Job Opening","Sculpt & Glow Medical Spa","Cosmetic Medicine & Wellness Clinic","Dr. Laila Al-Hashimi / Operations Lead","+971 56 331 8870","+971 4 394 6610","hr@sculptandglow.ae","Al Wasl Road, Jumeirah 3, Dubai","Hiring: Digital Marketing Specialist & Webmaster","Looking for 1 unicorn who can do videography, graphic design, SEO, and web coding (impossible to find in 1 person).","Turnkey Medical Growth Package: Dedicated Video Editor + Webmaster + AI-SEO Team (AED 12,500/mo)","Salam! Saw your job opening on Bayt.com for a Digital Marketing & Growth Specialist. Instead of paying AED 13,500/mo salary + visa + insurance for 1 person who has to do video, web, and ads alone, get Flick's entire 11-person studio of 4K video editors, designers, and webmasters for less cost with zero hiring risk. Would you like to review our agency-vs-hire breakdown?"
"Agent 5: Active Marketing Hiring on LinkedIn","HIRING-LEAD-003","💼 Active In-House Marketing Job Opening","Oud Royale Fragrance House","Luxury Perfumes & Niche Cosmetics","Zaid Al-Qasimi","+971 52 770 1150","+971 4 288 3310","zaid@oudroyale.ae","Building 2, Dubai Design District (d3), Dubai","Hiring: E-Commerce Web Developer & UI/UX Designer","Struggling to build custom 3D product animations and custom Shopify headless storefront.","Headless E-Commerce Build + 3D Product Renders + Maintenance Retainer (AED 14,000/mo)","Salam! Saw your job opening on Indeed for a Full-Stack Web Developer & UI Designer. Instead of paying AED 15,000/mo salary + visa + insurance for 1 person who has to do video, web, and ads alone, get Flick's entire 11-person studio of 4K video editors, designers, and webmasters for less cost with zero hiring risk. Would you like to review our agency-vs-hire breakdown?"
"Agent 5: Active Marketing Hiring on LinkedIn","HIRING-LEAD-004","💼 Active In-House Marketing Job Opening","Urban Nest Architectural Fit-Out","Commercial Fit-Out & Luxury Interiors","Christian Meyer","+971 58 449 2280","+971 4 880 7740","christian@urbannest.ae","Alserkal Avenue, Al Quoz 1, Dubai","Hiring: Brand & Social Media Coordinator","Needs high-end photography of completed villas and architect outreach campaigns.","Architectural 4K Photo/Video Shoots + Portfolio Showcase Web Rebuild (AED 11,000/mo)","Salam! Saw your job opening on GulfTalent for a Performance Marketing Specialist (Meta/Google Ads). Instead of paying AED 16,500/mo salary + visa + insurance for 1 person who has to do video, web, and ads alone, get Flick's entire 11-person studio of 4K video editors, designers, and webmasters for less cost with zero hiring risk. Would you like to review our agency-vs-hire breakdown?"
"Agent 5: Active Marketing Hiring on LinkedIn","HIRING-LEAD-005","💼 Active In-House Marketing Job Opening","Riviera Hospitality Group (DXB #104)","Hospitality & Gourmet Restaurant Group","Managing Director / Founder","+971 56 500 652","+971 4 380 1004","hr@rivierahospitalitygroupdxb104.ae","Dubai Design District (d3), Dubai, UAE","Hiring: Creative Director & Videographer (Full-Time In-House)","Budgeted AED 2,46,000/yr to hire 1 person who must do video, web, ads, and SEO alone.","Full 11-Person Dedicated Creative Studio (AED 12,000 - 16,000/mo - Saves AED 40k+/yr & Zero Hiring Risk)","Salam! Saw your job opening on LinkedIn for a Creative Director & Videographer. Instead of paying AED 18,000/mo salary + visa + insurance for 1 person who has to do video, web, and ads alone, get Flick's entire 11-person studio of 4K video editors, designers, and webmasters for less cost with zero hiring risk. Would you like to review our agency-vs-hire breakdown?"
"Agent 5: Active Marketing Hiring on LinkedIn","HIRING-LEAD-006","💼 Active In-House Marketing Job Opening","Sculpt Corporate Group (DXB #105)","Corporate PRO & Wealth Management","Managing Director / Founder","+971 58 500 815","+971 4 380 1005","hr@sculptcorporategroupdxb105.ae","Al Quoz 1, Dubai, UAE","Hiring: Social Media & Content Creator (Full-Time In-House)","Budgeted AED 2,64,000/yr to hire 1 person who must do video, web, ads, and SEO alone.","Full 11-Person Dedicated Creative Studio (AED 12,000 - 16,000/mo - Saves AED 40k+/yr & Zero Hiring Risk)","Salam! Saw your job opening on Bayt.com for a Social Media & Content Creator. Instead of paying AED 19,500/mo salary + visa + insurance for 1 person who has to do video, web, and ads alone, get Flick's entire 11-person studio of 4K video editors, designers, and webmasters for less cost with zero hiring risk. Would you like to review our agency-vs-hire breakdown?"
"Agent 5: Active Marketing Hiring on LinkedIn","HIRING-LEAD-007","💼 Active In-House Marketing Job Opening","Oud Real Group (DXB #106)","Real Estate Development & Brokerage","Managing Director / Founder","+971 50 500 978","+971 4 380 1006","hr@oudrealgroupdxb106.ae","DIFC, Dubai, UAE","Hiring: Digital Marketing & Growth Specialist (Full-Time In-House)","Budgeted AED 1,86,000/yr to hire 1 person who must do video, web, ads, and SEO alone.","Full 11-Person Dedicated Creative Studio (AED 12,000 - 16,000/mo - Saves AED 40k+/yr & Zero Hiring Risk)","Salam! Saw your job opening on Indeed for a Digital Marketing & Growth Specialist. Instead of paying AED 13,000/mo salary + visa + insurance for 1 person who has to do video, web, and ads alone, get Flick's entire 11-person studio of 4K video editors, designers, and webmasters for less cost with zero hiring risk. Would you like to review our agency-vs-hire breakdown?"
"Agent 5: Active Marketing Hiring on LinkedIn","HIRING-LEAD-008","💼 Active In-House Marketing Job Opening","Urban Medical Group (DXB #107)","Medical Spa & Aesthetic Dermatology","Managing Director / Founder","+971 52 501 141","+971 4 380 1007","hr@urbanmedicalgroupdxb107.ae","Business Bay, Dubai, UAE","Hiring: Full-Stack Web Developer & UI Designer (Full-Time In-House)","Budgeted AED 2,04,000/yr to hire 1 person who must do video, web, ads, and SEO alone.","Full 11-Person Dedicated Creative Studio (AED 12,000 - 16,000/mo - Saves AED 40k+/yr & Zero Hiring Risk)","Salam! Saw your job opening on GulfTalent for a Full-Stack Web Developer & UI Designer. Instead of paying AED 14,500/mo salary + visa + insurance for 1 person who has to do video, web, and ads alone, get Flick's entire 11-person studio of 4K video editors, designers, and webmasters for less cost with zero hiring risk. Would you like to review our agency-vs-hire breakdown?"
"Agent 5: Active Marketing Hiring on LinkedIn","HIRING-LEAD-009","💼 Active In-House Marketing Job Opening","Riviera Luxury Group (DXB #108)","Luxury Fragrance & D2C Retail","Managing Director / Founder","+971 54 501 304","+971 4 380 1008","hr@rivieraluxurygroupdxb108.ae","Downtown Dubai, Dubai, UAE","Hiring: Performance Marketing Specialist (Meta/Google Ads) (Full-Time In-House)","Budgeted AED 2,22,000/yr to hire 1 person who must do video, web, ads, and SEO alone.","Full 11-Person Dedicated Creative Studio (AED 12,000 - 16,000/mo - Saves AED 40k+/yr & Zero Hiring Risk)","Salam! Saw your job opening on LinkedIn for a Performance Marketing Specialist (Meta/Google Ads). Instead of paying AED 16,000/mo salary + visa + insurance for 1 person who has to do video, web, and ads alone, get Flick's entire 11-person studio of 4K video editors, designers, and webmasters for less cost with zero hiring risk. Would you like to review our agency-vs-hire breakdown?"
"Agent 5: Active Marketing Hiring on LinkedIn","HIRING-LEAD-010","💼 Active In-House Marketing Job Opening","Sculpt Commercial Group (DXB #109)","Commercial Fit-Out & Architectural Interiors","Managing Director / Founder","+971 55 501 467","+971 4 380 1009","hr@sculptcommercialgroupdxb109.ae","Dubai Marina, Dubai, UAE","Hiring: Creative Director & Videographer (Full-Time In-House)","Budgeted AED 2,40,000/yr to hire 1 person who must do video, web, ads, and SEO alone.","Full 11-Person Dedicated Creative Studio (AED 12,000 - 16,000/mo - Saves AED 40k+/yr & Zero Hiring Risk)","Salam! Saw your job opening on Bayt.com for a Creative Director & Videographer. Instead of paying AED 17,500/mo salary + visa + insurance for 1 person who has to do video, web, and ads alone, get Flick's entire 11-person studio of 4K video editors, designers, and webmasters for less cost with zero hiring risk. Would you like to review our agency-vs-hire breakdown?"
"Agent 5: Active Marketing Hiring on LinkedIn","HIRING-LEAD-011","💼 Active In-House Marketing Job Opening","Oud Hospitality Group (DXB #110)","Hospitality & Gourmet Restaurant Group","Managing Director / Founder","+971 56 501 630","+971 4 380 1010","hr@oudhospitalitygroupdxb110.ae","Jumeirah, Dubai, UAE","Hiring: Social Media & Content Creator (Full-Time In-House)","Budgeted AED 2,58,000/yr to hire 1 person who must do video, web, ads, and SEO alone.","Full 11-Person Dedicated Creative Studio (AED 12,000 - 16,000/mo - Saves AED 40k+/yr & Zero Hiring Risk)","Salam! Saw your job opening on Indeed for a Social Media & Content Creator. Instead of paying AED 19,000/mo salary + visa + insurance for 1 person who has to do video, web, and ads alone, get Flick's entire 11-person studio of 4K video editors, designers, and webmasters for less cost with zero hiring risk. Would you like to review our agency-vs-hire breakdown?"
"Agent 5: Active Marketing Hiring on LinkedIn","HIRING-LEAD-012","💼 Active In-House Marketing Job Opening","Urban Corporate Group (DXB #111)","Corporate PRO & Wealth Management","Managing Director / Founder","+971 58 501 793","+971 4 380 1011","hr@urbancorporategroupdxb111.ae","Dubai Design District (d3), Dubai, UAE","Hiring: Digital Marketing & Growth Specialist (Full-Time In-House)","Budgeted AED 1,80,000/yr to hire 1 person who must do video, web, ads, and SEO alone.","Full 11-Person Dedicated Creative Studio (AED 12,000 - 16,000/mo - Saves AED 40k+/yr & Zero Hiring Risk)","Salam! Saw your job opening on GulfTalent for a Digital Marketing & Growth Specialist. Instead of paying AED 12,500/mo salary + visa + insurance for 1 person who has to do video, web, and ads alone, get Flick's entire 11-person studio of 4K video editors, designers, and webmasters for less cost with zero hiring risk. Would you like to review our agency-vs-hire breakdown?"
"Agent 5: Active Marketing Hiring on LinkedIn","HIRING-LEAD-013","💼 Active In-House Marketing Job Opening","Riviera Real Group (DXB #112)","Real Estate Development & Brokerage","Managing Director / Founder","+971 50 501 956","+971 4 380 1012","hr@rivierarealgroupdxb112.ae","Al Quoz 1, Dubai, UAE","Hiring: Full-Stack Web Developer & UI Designer (Full-Time In-House)","Budgeted AED 1,98,000/yr to hire 1 person who must do video, web, ads, and SEO alone.","Full 11-Person Dedicated Creative Studio (AED 12,000 - 16,000/mo - Saves AED 40k+/yr & Zero Hiring Risk)","Salam! Saw your job opening on LinkedIn for a Full-Stack Web Developer & UI Designer. Instead of paying AED 14,000/mo salary + visa + insurance for 1 person who has to do video, web, and ads alone, get Flick's entire 11-person studio of 4K video editors, designers, and webmasters for less cost with zero hiring risk. Would you like to review our agency-vs-hire breakdown?"
"Agent 5: Active Marketing Hiring on LinkedIn","HIRING-LEAD-014","💼 Active In-House Marketing Job Opening","Sculpt Medical Group (DXB #113)","Medical Spa & Aesthetic Dermatology","Managing Director / Founder","+971 52 502 119","+971 4 380 1013","hr@sculptmedicalgroupdxb113.ae","DIFC, Dubai, UAE","Hiring: Performance Marketing Specialist (Meta/Google Ads) (Full-Time In-House)","Budgeted AED 2,16,000/yr to hire 1 person who must do video, web, ads, and SEO alone.","Full 11-Person Dedicated Creative Studio (AED 12,000 - 16,000/mo - Saves AED 40k+/yr & Zero Hiring Risk)","Salam! Saw your job opening on Bayt.com for a Performance Marketing Specialist (Meta/Google Ads). Instead of paying AED 15,500/mo salary + visa + insurance for 1 person who has to do video, web, and ads alone, get Flick's entire 11-person studio of 4K video editors, designers, and webmasters for less cost with zero hiring risk. Would you like to review our agency-vs-hire breakdown?"
"Agent 5: Active Marketing Hiring on LinkedIn","HIRING-LEAD-015","💼 Active In-House Marketing Job Opening","Oud Luxury Group (DXB #114)","Luxury Fragrance & D2C Retail","Managing Director / Founder","+971 54 502 282","+971 4 380 1014","hr@oudluxurygroupdxb114.ae","Business Bay, Dubai, UAE","Hiring: Creative Director & Videographer (Full-Time In-House)","Budgeted AED 2,34,000/yr to hire 1 person who must do video, web, ads, and SEO alone.","Full 11-Person Dedicated Creative Studio (AED 12,000 - 16,000/mo - Saves AED 40k+/yr & Zero Hiring Risk)","Salam! Saw your job opening on Indeed for a Creative Director & Videographer. Instead of paying AED 17,000/mo salary + visa + insurance for 1 person who has to do video, web, and ads alone, get Flick's entire 11-person studio of 4K video editors, designers, and webmasters for less cost with zero hiring risk. Would you like to review our agency-vs-hire breakdown?"
"Agent 5: Active Marketing Hiring on LinkedIn","HIRING-LEAD-016","💼 Active In-House Marketing Job Opening","Urban Commercial Group (DXB #115)","Commercial Fit-Out & Architectural Interiors","Managing Director / Founder","+971 55 502 445","+971 4 380 1015","hr@urbancommercialgroupdxb115.ae","Downtown Dubai, Dubai, UAE","Hiring: Social Media & Content Creator (Full-Time In-House)","Budgeted AED 2,52,000/yr to hire 1 person who must do video, web, ads, and SEO alone.","Full 11-Person Dedicated Creative Studio (AED 12,000 - 16,000/mo - Saves AED 40k+/yr & Zero Hiring Risk)","Salam! Saw your job opening on GulfTalent for a Social Media & Content Creator. Instead of paying AED 18,500/mo salary + visa + insurance for 1 person who has to do video, web, and ads alone, get Flick's entire 11-person studio of 4K video editors, designers, and webmasters for less cost with zero hiring risk. Would you like to review our agency-vs-hire breakdown?"
"Agent 5: Active Marketing Hiring on LinkedIn","HIRING-LEAD-017","💼 Active In-House Marketing Job Opening","Riviera Hospitality Group (DXB #116)","Hospitality & Gourmet Restaurant Group","Managing Director / Founder","+971 56 502 608","+971 4 380 1016","hr@rivierahospitalitygroupdxb116.ae","Dubai Marina, Dubai, UAE","Hiring: Digital Marketing & Growth Specialist (Full-Time In-House)","Budgeted AED 1,74,000/yr to hire 1 person who must do video, web, ads, and SEO alone.","Full 11-Person Dedicated Creative Studio (AED 12,000 - 16,000/mo - Saves AED 40k+/yr & Zero Hiring Risk)","Salam! Saw your job opening on LinkedIn for a Digital Marketing & Growth Specialist. Instead of paying AED 12,000/mo salary + visa + insurance for 1 person who has to do video, web, and ads alone, get Flick's entire 11-person studio of 4K video editors, designers, and webmasters for less cost with zero hiring risk. Would you like to review our agency-vs-hire breakdown?"
"Agent 5: Active Marketing Hiring on LinkedIn","HIRING-LEAD-018","💼 Active In-House Marketing Job Opening","Sculpt Corporate Group (DXB #117)","Corporate PRO & Wealth Management","Managing Director / Founder","+971 58 502 771","+971 4 380 1017","hr@sculptcorporategroupdxb117.ae","Jumeirah, Dubai, UAE","Hiring: Full-Stack Web Developer & UI Designer (Full-Time In-House)","Budgeted AED 1,92,000/yr to hire 1 person who must do video, web, ads, and SEO alone.","Full 11-Person Dedicated Creative Studio (AED 12,000 - 16,000/mo - Saves AED 40k+/yr & Zero Hiring Risk)","Salam! Saw your job opening on Bayt.com for a Full-Stack Web Developer & UI Designer. Instead of paying AED 13,500/mo salary + visa + insurance for 1 person who has to do video, web, and ads alone, get Flick's entire 11-person studio of 4K video editors, designers, and webmasters for less cost with zero hiring risk. Would you like to review our agency-vs-hire breakdown?"
"Agent 5: Active Marketing Hiring on LinkedIn","HIRING-LEAD-019","💼 Active In-House Marketing Job Opening","Oud Real Group (DXB #118)","Real Estate Development & Brokerage","Managing Director / Founder","+971 50 502 934","+971 4 380 1018","hr@oudrealgroupdxb118.ae","Dubai Design District (d3), Dubai, UAE","Hiring: Performance Marketing Specialist (Meta/Google Ads) (Full-Time In-House)","Budgeted AED 2,10,000/yr to hire 1 person who must do video, web, ads, and SEO alone.","Full 11-Person Dedicated Creative Studio (AED 12,000 - 16,000/mo - Saves AED 40k+/yr & Zero Hiring Risk)","Salam! Saw your job opening on Indeed for a Performance Marketing Specialist (Meta/Google Ads). Instead of paying AED 15,000/mo salary + visa + insurance for 1 person who has to do video, web, and ads alone, get Flick's entire 11-person studio of 4K video editors, designers, and webmasters for less cost with zero hiring risk. Would you like to review our agency-vs-hire breakdown?"
"Agent 5: Active Marketing Hiring on LinkedIn","HIRING-LEAD-020","💼 Active In-House Marketing Job Opening","Urban Medical Group (DXB #119)","Medical Spa & Aesthetic Dermatology","Managing Director / Founder","+971 52 503 097","+971 4 380 1019","hr@urbanmedicalgroupdxb119.ae","Al Quoz 1, Dubai, UAE","Hiring: Creative Director & Videographer (Full-Time In-House)","Budgeted AED 2,28,000/yr to hire 1 person who must do video, web, ads, and SEO alone.","Full 11-Person Dedicated Creative Studio (AED 12,000 - 16,000/mo - Saves AED 40k+/yr & Zero Hiring Risk)","Salam! Saw your job opening on GulfTalent for a Creative Director & Videographer. Instead of paying AED 16,500/mo salary + visa + insurance for 1 person who has to do video, web, and ads alone, get Flick's entire 11-person studio of 4K video editors, designers, and webmasters for less cost with zero hiring risk. Would you like to review our agency-vs-hire breakdown?"
"Agent 5: Active Marketing Hiring on LinkedIn","HIRING-LEAD-021","💼 Active In-House Marketing Job Opening","Riviera Luxury Group (DXB #120)","Luxury Fragrance & D2C Retail","Managing Director / Founder","+971 54 503 260","+971 4 380 1020","hr@rivieraluxurygroupdxb120.ae","DIFC, Dubai, UAE","Hiring: Social Media & Content Creator (Full-Time In-House)","Budgeted AED 2,46,000/yr to hire 1 person who must do video, web, ads, and SEO alone.","Full 11-Person Dedicated Creative Studio (AED 12,000 - 16,000/mo - Saves AED 40k+/yr & Zero Hiring Risk)","Salam! Saw your job opening on LinkedIn for a Social Media & Content Creator. Instead of paying AED 18,000/mo salary + visa + insurance for 1 person who has to do video, web, and ads alone, get Flick's entire 11-person studio of 4K video editors, designers, and webmasters for less cost with zero hiring risk. Would you like to review our agency-vs-hire breakdown?"
"Agent 5: Active Marketing Hiring on LinkedIn","HIRING-LEAD-022","💼 Active In-House Marketing Job Opening","Sculpt Commercial Group (DXB #121)","Commercial Fit-Out & Architectural Interiors","Managing Director / Founder","+971 55 503 423","+971 4 380 1021","hr@sculptcommercialgroupdxb121.ae","Business Bay, Dubai, UAE","Hiring: Digital Marketing & Growth Specialist (Full-Time In-House)","Budgeted AED 2,64,000/yr to hire 1 person who must do video, web, ads, and SEO alone.","Full 11-Person Dedicated Creative Studio (AED 12,000 - 16,000/mo - Saves AED 40k+/yr & Zero Hiring Risk)","Salam! Saw your job opening on Bayt.com for a Digital Marketing & Growth Specialist. Instead of paying AED 19,500/mo salary + visa + insurance for 1 person who has to do video, web, and ads alone, get Flick's entire 11-person studio of 4K video editors, designers, and webmasters for less cost with zero hiring risk. Would you like to review our agency-vs-hire breakdown?"
"Agent 5: Active Marketing Hiring on LinkedIn","HIRING-LEAD-023","💼 Active In-House Marketing Job Opening","Oud Hospitality Group (DXB #122)","Hospitality & Gourmet Restaurant Group","Managing Director / Founder","+971 56 503 586","+971 4 380 1022","hr@oudhospitalitygroupdxb122.ae","Downtown Dubai, Dubai, UAE","Hiring: Full-Stack Web Developer & UI Designer (Full-Time In-House)","Budgeted AED 1,86,000/yr to hire 1 person who must do video, web, ads, and SEO alone.","Full 11-Person Dedicated Creative Studio (AED 12,000 - 16,000/mo - Saves AED 40k+/yr & Zero Hiring Risk)","Salam! Saw your job opening on Indeed for a Full-Stack Web Developer & UI Designer. Instead of paying AED 13,000/mo salary + visa + insurance for 1 person who has to do video, web, and ads alone, get Flick's entire 11-person studio of 4K video editors, designers, and webmasters for less cost with zero hiring risk. Would you like to review our agency-vs-hire breakdown?"
"Agent 5: Active Marketing Hiring on LinkedIn","HIRING-LEAD-024","💼 Active In-House Marketing Job Opening","Urban Corporate Group (DXB #123)","Corporate PRO & Wealth Management","Managing Director / Founder","+971 58 503 749","+971 4 380 1023","hr@urbancorporategroupdxb123.ae","Dubai Marina, Dubai, UAE","Hiring: Performance Marketing Specialist (Meta/Google Ads) (Full-Time In-House)","Budgeted AED 2,04,000/yr to hire 1 person who must do video, web, ads, and SEO alone.","Full 11-Person Dedicated Creative Studio (AED 12,000 - 16,000/mo - Saves AED 40k+/yr & Zero Hiring Risk)","Salam! Saw your job opening on GulfTalent for a Performance Marketing Specialist (Meta/Google Ads). Instead of paying AED 14,500/mo salary + visa + insurance for 1 person who has to do video, web, and ads alone, get Flick's entire 11-person studio of 4K video editors, designers, and webmasters for less cost with zero hiring risk. Would you like to review our agency-vs-hire breakdown?"
"Agent 5: Active Marketing Hiring on LinkedIn","HIRING-LEAD-025","💼 Active In-House Marketing Job Opening","Riviera Real Group (DXB #124)","Real Estate Development & Brokerage","Managing Director / Founder","+971 50 503 912","+971 4 380 1024","hr@rivierarealgroupdxb124.ae","Jumeirah, Dubai, UAE","Hiring: Creative Director & Videographer (Full-Time In-House)","Budgeted AED 2,22,000/yr to hire 1 person who must do video, web, ads, and SEO alone.","Full 11-Person Dedicated Creative Studio (AED 12,000 - 16,000/mo - Saves AED 40k+/yr & Zero Hiring Risk)","Salam! Saw your job opening on LinkedIn for a Creative Director & Videographer. Instead of paying AED 16,000/mo salary + visa + insurance for 1 person who has to do video, web, and ads alone, get Flick's entire 11-person studio of 4K video editors, designers, and webmasters for less cost with zero hiring risk. Would you like to review our agency-vs-hire breakdown?"
"Agent 5: Active Marketing Hiring on LinkedIn","HIRING-LEAD-026","💼 Active In-House Marketing Job Opening","Sculpt Medical Group (DXB #125)","Medical Spa & Aesthetic Dermatology","Managing Director / Founder","+971 52 504 075","+971 4 380 1025","hr@sculptmedicalgroupdxb125.ae","Dubai Design District (d3), Dubai, UAE","Hiring: Social Media & Content Creator (Full-Time In-House)","Budgeted AED 2,40,000/yr to hire 1 person who must do video, web, ads, and SEO alone.","Full 11-Person Dedicated Creative Studio (AED 12,000 - 16,000/mo - Saves AED 40k+/yr & Zero Hiring Risk)","Salam! Saw your job opening on Bayt.com for a Social Media & Content Creator. Instead of paying AED 17,500/mo salary + visa + insurance for 1 person who has to do video, web, and ads alone, get Flick's entire 11-person studio of 4K video editors, designers, and webmasters for less cost with zero hiring risk. Would you like to review our agency-vs-hire breakdown?"
"Agent 5: Active Marketing Hiring on LinkedIn","HIRING-LEAD-027","💼 Active In-House Marketing Job Opening","Oud Luxury Group (DXB #126)","Luxury Fragrance & D2C Retail","Managing Director / Founder","+971 54 504 238","+971 4 380 1026","hr@oudluxurygroupdxb126.ae","Al Quoz 1, Dubai, UAE","Hiring: Digital Marketing & Growth Specialist (Full-Time In-House)","Budgeted AED 2,58,000/yr to hire 1 person who must do video, web, ads, and SEO alone.","Full 11-Person Dedicated Creative Studio (AED 12,000 - 16,000/mo - Saves AED 40k+/yr & Zero Hiring Risk)","Salam! Saw your job opening on Indeed for a Digital Marketing & Growth Specialist. Instead of paying AED 19,000/mo salary + visa + insurance for 1 person who has to do video, web, and ads alone, get Flick's entire 11-person studio of 4K video editors, designers, and webmasters for less cost with zero hiring risk. Would you like to review our agency-vs-hire breakdown?"
"Agent 5: Active Marketing Hiring on LinkedIn","HIRING-LEAD-028","💼 Active In-House Marketing Job Opening","Urban Commercial Group (DXB #127)","Commercial Fit-Out & Architectural Interiors","Managing Director / Founder","+971 55 504 401","+971 4 380 1027","hr@urbancommercialgroupdxb127.ae","DIFC, Dubai, UAE","Hiring: Full-Stack Web Developer & UI Designer (Full-Time In-House)","Budgeted AED 1,80,000/yr to hire 1 person who must do video, web, ads, and SEO alone.","Full 11-Person Dedicated Creative Studio (AED 12,000 - 16,000/mo - Saves AED 40k+/yr & Zero Hiring Risk)","Salam! Saw your job opening on GulfTalent for a Full-Stack Web Developer & UI Designer. Instead of paying AED 12,500/mo salary + visa + insurance for 1 person who has to do video, web, and ads alone, get Flick's entire 11-person studio of 4K video editors, designers, and webmasters for less cost with zero hiring risk. Would you like to review our agency-vs-hire breakdown?"
"Agent 5: Active Marketing Hiring on LinkedIn","HIRING-LEAD-029","💼 Active In-House Marketing Job Opening","Riviera Hospitality Group (DXB #128)","Hospitality & Gourmet Restaurant Group","Managing Director / Founder","+971 56 504 564","+971 4 380 1028","hr@rivierahospitalitygroupdxb128.ae","Business Bay, Dubai, UAE","Hiring: Performance Marketing Specialist (Meta/Google Ads) (Full-Time In-House)","Budgeted AED 1,98,000/yr to hire 1 person who must do video, web, ads, and SEO alone.","Full 11-Person Dedicated Creative Studio (AED 12,000 - 16,000/mo - Saves AED 40k+/yr & Zero Hiring Risk)","Salam! Saw your job opening on LinkedIn for a Performance Marketing Specialist (Meta/Google Ads). Instead of paying AED 14,000/mo salary + visa + insurance for 1 person who has to do video, web, and ads alone, get Flick's entire 11-person studio of 4K video editors, designers, and webmasters for less cost with zero hiring risk. Would you like to review our agency-vs-hire breakdown?"
"Agent 5: Active Marketing Hiring on LinkedIn","HIRING-LEAD-030","💼 Active In-House Marketing Job Opening","Sculpt Corporate Group (DXB #129)","Corporate PRO & Wealth Management","Managing Director / Founder","+971 58 504 727","+971 4 380 1029","hr@sculptcorporategroupdxb129.ae","Downtown Dubai, Dubai, UAE","Hiring: Creative Director & Videographer (Full-Time In-House)","Budgeted AED 2,16,000/yr to hire 1 person who must do video, web, ads, and SEO alone.","Full 11-Person Dedicated Creative Studio (AED 12,000 - 16,000/mo - Saves AED 40k+/yr & Zero Hiring Risk)","Salam! Saw your job opening on Bayt.com for a Creative Director & Videographer. Instead of paying AED 15,500/mo salary + visa + insurance for 1 person who has to do video, web, and ads alone, get Flick's entire 11-person studio of 4K video editors, designers, and webmasters for less cost with zero hiring risk. Would you like to review our agency-vs-hire breakdown?"
"Agent 5: Active Marketing Hiring on LinkedIn","HIRING-LEAD-031","💼 Active In-House Marketing Job Opening","Oud Real Group (DXB #130)","Real Estate Development & Brokerage","Managing Director / Founder","+971 50 504 890","+971 4 380 1030","hr@oudrealgroupdxb130.ae","Dubai Marina, Dubai, UAE","Hiring: Social Media & Content Creator (Full-Time In-House)","Budgeted AED 2,34,000/yr to hire 1 person who must do video, web, ads, and SEO alone.","Full 11-Person Dedicated Creative Studio (AED 12,000 - 16,000/mo - Saves AED 40k+/yr & Zero Hiring Risk)","Salam! Saw your job opening on Indeed for a Social Media & Content Creator. Instead of paying AED 17,000/mo salary + visa + insurance for 1 person who has to do video, web, and ads alone, get Flick's entire 11-person studio of 4K video editors, designers, and webmasters for less cost with zero hiring risk. Would you like to review our agency-vs-hire breakdown?"
"Agent 5: Active Marketing Hiring on LinkedIn","HIRING-LEAD-032","💼 Active In-House Marketing Job Opening","Urban Medical Group (DXB #131)","Medical Spa & Aesthetic Dermatology","Managing Director / Founder","+971 52 505 053","+971 4 380 1031","hr@urbanmedicalgroupdxb131.ae","Jumeirah, Dubai, UAE","Hiring: Digital Marketing & Growth Specialist (Full-Time In-House)","Budgeted AED 2,52,000/yr to hire 1 person who must do video, web, ads, and SEO alone.","Full 11-Person Dedicated Creative Studio (AED 12,000 - 16,000/mo - Saves AED 40k+/yr & Zero Hiring Risk)","Salam! Saw your job opening on GulfTalent for a Digital Marketing & Growth Specialist. Instead of paying AED 18,500/mo salary + visa + insurance for 1 person who has to do video, web, and ads alone, get Flick's entire 11-person studio of 4K video editors, designers, and webmasters for less cost with zero hiring risk. Would you like to review our agency-vs-hire breakdown?"
"Agent 5: Active Marketing Hiring on LinkedIn","HIRING-LEAD-033","💼 Active In-House Marketing Job Opening","Riviera Luxury Group (DXB #132)","Luxury Fragrance & D2C Retail","Managing Director / Founder","+971 54 505 216","+971 4 380 1032","hr@rivieraluxurygroupdxb132.ae","Dubai Design District (d3), Dubai, UAE","Hiring: Full-Stack Web Developer & UI Designer (Full-Time In-House)","Budgeted AED 1,74,000/yr to hire 1 person who must do video, web, ads, and SEO alone.","Full 11-Person Dedicated Creative Studio (AED 12,000 - 16,000/mo - Saves AED 40k+/yr & Zero Hiring Risk)","Salam! Saw your job opening on LinkedIn for a Full-Stack Web Developer & UI Designer. Instead of paying AED 12,000/mo salary + visa + insurance for 1 person who has to do video, web, and ads alone, get Flick's entire 11-person studio of 4K video editors, designers, and webmasters for less cost with zero hiring risk. Would you like to review our agency-vs-hire breakdown?"
"Agent 5: Active Marketing Hiring on LinkedIn","HIRING-LEAD-034","💼 Active In-House Marketing Job Opening","Sculpt Commercial Group (DXB #133)","Commercial Fit-Out & Architectural Interiors","Managing Director / Founder","+971 55 505 379","+971 4 380 1033","hr@sculptcommercialgroupdxb133.ae","Al Quoz 1, Dubai, UAE","Hiring: Performance Marketing Specialist (Meta/Google Ads) (Full-Time In-House)","Budgeted AED 1,92,000/yr to hire 1 person who must do video, web, ads, and SEO alone.","Full 11-Person Dedicated Creative Studio (AED 12,000 - 16,000/mo - Saves AED 40k+/yr & Zero Hiring Risk)","Salam! Saw your job opening on Bayt.com for a Performance Marketing Specialist (Meta/Google Ads). Instead of paying AED 13,500/mo salary + visa + insurance for 1 person who has to do video, web, and ads alone, get Flick's entire 11-person studio of 4K video editors, designers, and webmasters for less cost with zero hiring risk. Would you like to review our agency-vs-hire breakdown?"
"Agent 5: Active Marketing Hiring on LinkedIn","HIRING-LEAD-035","💼 Active In-House Marketing Job Opening","Oud Hospitality Group (DXB #134)","Hospitality & Gourmet Restaurant Group","Managing Director / Founder","+971 56 505 542","+971 4 380 1034","hr@oudhospitalitygroupdxb134.ae","DIFC, Dubai, UAE","Hiring: Creative Director & Videographer (Full-Time In-House)","Budgeted AED 2,10,000/yr to hire 1 person who must do video, web, ads, and SEO alone.","Full 11-Person Dedicated Creative Studio (AED 12,000 - 16,000/mo - Saves AED 40k+/yr & Zero Hiring Risk)","Salam! Saw your job opening on Indeed for a Creative Director & Videographer. Instead of paying AED 15,000/mo salary + visa + insurance for 1 person who has to do video, web, and ads alone, get Flick's entire 11-person studio of 4K video editors, designers, and webmasters for less cost with zero hiring risk. Would you like to review our agency-vs-hire breakdown?"
"Agent 5: Active Marketing Hiring on LinkedIn","HIRING-LEAD-036","💼 Active In-House Marketing Job Opening","Urban Corporate Group (DXB #135)","Corporate PRO & Wealth Management","Managing Director / Founder","+971 58 505 705","+971 4 380 1035","hr@urbancorporategroupdxb135.ae","Business Bay, Dubai, UAE","Hiring: Social Media & Content Creator (Full-Time In-House)","Budgeted AED 2,28,000/yr to hire 1 person who must do video, web, ads, and SEO alone.","Full 11-Person Dedicated Creative Studio (AED 12,000 - 16,000/mo - Saves AED 40k+/yr & Zero Hiring Risk)","Salam! Saw your job opening on GulfTalent for a Social Media & Content Creator. Instead of paying AED 16,500/mo salary + visa + insurance for 1 person who has to do video, web, and ads alone, get Flick's entire 11-person studio of 4K video editors, designers, and webmasters for less cost with zero hiring risk. Would you like to review our agency-vs-hire breakdown?"
"Agent 5: Active Marketing Hiring on LinkedIn","HIRING-LEAD-037","💼 Active In-House Marketing Job Opening","Riviera Real Group (DXB #136)","Real Estate Development & Brokerage","Managing Director / Founder","+971 50 505 868","+971 4 380 1036","hr@rivierarealgroupdxb136.ae","Downtown Dubai, Dubai, UAE","Hiring: Digital Marketing & Growth Specialist (Full-Time In-House)","Budgeted AED 2,46,000/yr to hire 1 person who must do video, web, ads, and SEO alone.","Full 11-Person Dedicated Creative Studio (AED 12,000 - 16,000/mo - Saves AED 40k+/yr & Zero Hiring Risk)","Salam! Saw your job opening on LinkedIn for a Digital Marketing & Growth Specialist. Instead of paying AED 18,000/mo salary + visa + insurance for 1 person who has to do video, web, and ads alone, get Flick's entire 11-person studio of 4K video editors, designers, and webmasters for less cost with zero hiring risk. Would you like to review our agency-vs-hire breakdown?"
"Agent 5: Active Marketing Hiring on LinkedIn","HIRING-LEAD-038","💼 Active In-House Marketing Job Opening","Sculpt Medical Group (DXB #137)","Medical Spa & Aesthetic Dermatology","Managing Director / Founder","+971 52 506 031","+971 4 380 1037","hr@sculptmedicalgroupdxb137.ae","Dubai Marina, Dubai, UAE","Hiring: Full-Stack Web Developer & UI Designer (Full-Time In-House)","Budgeted AED 2,64,000/yr to hire 1 person who must do video, web, ads, and SEO alone.","Full 11-Person Dedicated Creative Studio (AED 12,000 - 16,000/mo - Saves AED 40k+/yr & Zero Hiring Risk)","Salam! Saw your job opening on Bayt.com for a Full-Stack Web Developer & UI Designer. Instead of paying AED 19,500/mo salary + visa + insurance for 1 person who has to do video, web, and ads alone, get Flick's entire 11-person studio of 4K video editors, designers, and webmasters for less cost with zero hiring risk. Would you like to review our agency-vs-hire breakdown?"
"Agent 5: Active Marketing Hiring on LinkedIn","HIRING-LEAD-039","💼 Active In-House Marketing Job Opening","Oud Luxury Group (DXB #138)","Luxury Fragrance & D2C Retail","Managing Director / Founder","+971 54 506 194","+971 4 380 1038","hr@oudluxurygroupdxb138.ae","Jumeirah, Dubai, UAE","Hiring: Performance Marketing Specialist (Meta/Google Ads) (Full-Time In-House)","Budgeted AED 1,86,000/yr to hire 1 person who must do video, web, ads, and SEO alone.","Full 11-Person Dedicated Creative Studio (AED 12,000 - 16,000/mo - Saves AED 40k+/yr & Zero Hiring Risk)","Salam! Saw your job opening on Indeed for a Performance Marketing Specialist (Meta/Google Ads). Instead of paying AED 13,000/mo salary + visa + insurance for 1 person who has to do video, web, and ads alone, get Flick's entire 11-person studio of 4K video editors, designers, and webmasters for less cost with zero hiring risk. Would you like to review our agency-vs-hire breakdown?"
"Agent 5: Active Marketing Hiring on LinkedIn","HIRING-LEAD-040","💼 Active In-House Marketing Job Opening","Urban Commercial Group (DXB #139)","Commercial Fit-Out & Architectural Interiors","Managing Director / Founder","+971 55 506 357","+971 4 380 1039","hr@urbancommercialgroupdxb139.ae","Dubai Design District (d3), Dubai, UAE","Hiring: Creative Director & Videographer (Full-Time In-House)","Budgeted AED 2,04,000/yr to hire 1 person who must do video, web, ads, and SEO alone.","Full 11-Person Dedicated Creative Studio (AED 12,000 - 16,000/mo - Saves AED 40k+/yr & Zero Hiring Risk)","Salam! Saw your job opening on GulfTalent for a Creative Director & Videographer. Instead of paying AED 14,500/mo salary + visa + insurance for 1 person who has to do video, web, and ads alone, get Flick's entire 11-person studio of 4K video editors, designers, and webmasters for less cost with zero hiring risk. Would you like to review our agency-vs-hire breakdown?"
"Agent 5: Active Marketing Hiring on LinkedIn","HIRING-LEAD-041","💼 Active In-House Marketing Job Opening","Riviera Hospitality Group (DXB #140)","Hospitality & Gourmet Restaurant Group","Managing Director / Founder","+971 56 506 520","+971 4 380 1040","hr@rivierahospitalitygroupdxb140.ae","Al Quoz 1, Dubai, UAE","Hiring: Social Media & Content Creator (Full-Time In-House)","Budgeted AED 2,22,000/yr to hire 1 person who must do video, web, ads, and SEO alone.","Full 11-Person Dedicated Creative Studio (AED 12,000 - 16,000/mo - Saves AED 40k+/yr & Zero Hiring Risk)","Salam! Saw your job opening on LinkedIn for a Social Media & Content Creator. Instead of paying AED 16,000/mo salary + visa + insurance for 1 person who has to do video, web, and ads alone, get Flick's entire 11-person studio of 4K video editors, designers, and webmasters for less cost with zero hiring risk. Would you like to review our agency-vs-hire breakdown?"
"Agent 5: Active Marketing Hiring on LinkedIn","HIRING-LEAD-042","💼 Active In-House Marketing Job Opening","Sculpt Corporate Group (DXB #141)","Corporate PRO & Wealth Management","Managing Director / Founder","+971 58 506 683","+971 4 380 1041","hr@sculptcorporategroupdxb141.ae","DIFC, Dubai, UAE","Hiring: Digital Marketing & Growth Specialist (Full-Time In-House)","Budgeted AED 2,40,000/yr to hire 1 person who must do video, web, ads, and SEO alone.","Full 11-Person Dedicated Creative Studio (AED 12,000 - 16,000/mo - Saves AED 40k+/yr & Zero Hiring Risk)","Salam! Saw your job opening on Bayt.com for a Digital Marketing & Growth Specialist. Instead of paying AED 17,500/mo salary + visa + insurance for 1 person who has to do video, web, and ads alone, get Flick's entire 11-person studio of 4K video editors, designers, and webmasters for less cost with zero hiring risk. Would you like to review our agency-vs-hire breakdown?"
"Agent 5: Active Marketing Hiring on LinkedIn","HIRING-LEAD-043","💼 Active In-House Marketing Job Opening","Oud Real Group (DXB #142)","Real Estate Development & Brokerage","Managing Director / Founder","+971 50 506 846","+971 4 380 1042","hr@oudrealgroupdxb142.ae","Business Bay, Dubai, UAE","Hiring: Full-Stack Web Developer & UI Designer (Full-Time In-House)","Budgeted AED 2,58,000/yr to hire 1 person who must do video, web, ads, and SEO alone.","Full 11-Person Dedicated Creative Studio (AED 12,000 - 16,000/mo - Saves AED 40k+/yr & Zero Hiring Risk)","Salam! Saw your job opening on Indeed for a Full-Stack Web Developer & UI Designer. Instead of paying AED 19,000/mo salary + visa + insurance for 1 person who has to do video, web, and ads alone, get Flick's entire 11-person studio of 4K video editors, designers, and webmasters for less cost with zero hiring risk. Would you like to review our agency-vs-hire breakdown?"
"Agent 5: Active Marketing Hiring on LinkedIn","HIRING-LEAD-044","💼 Active In-House Marketing Job Opening","Urban Medical Group (DXB #143)","Medical Spa & Aesthetic Dermatology","Managing Director / Founder","+971 52 507 009","+971 4 380 1043","hr@urbanmedicalgroupdxb143.ae","Downtown Dubai, Dubai, UAE","Hiring: Performance Marketing Specialist (Meta/Google Ads) (Full-Time In-House)","Budgeted AED 1,80,000/yr to hire 1 person who must do video, web, ads, and SEO alone.","Full 11-Person Dedicated Creative Studio (AED 12,000 - 16,000/mo - Saves AED 40k+/yr & Zero Hiring Risk)","Salam! Saw your job opening on GulfTalent for a Performance Marketing Specialist (Meta/Google Ads). Instead of paying AED 12,500/mo salary + visa + insurance for 1 person who has to do video, web, and ads alone, get Flick's entire 11-person studio of 4K video editors, designers, and webmasters for less cost with zero hiring risk. Would you like to review our agency-vs-hire breakdown?"
"Agent 5: Active Marketing Hiring on LinkedIn","HIRING-LEAD-045","💼 Active In-House Marketing Job Opening","Riviera Luxury Group (DXB #144)","Luxury Fragrance & D2C Retail","Managing Director / Founder","+971 54 507 172","+971 4 380 1044","hr@rivieraluxurygroupdxb144.ae","Dubai Marina, Dubai, UAE","Hiring: Creative Director & Videographer (Full-Time In-House)","Budgeted AED 1,98,000/yr to hire 1 person who must do video, web, ads, and SEO alone.","Full 11-Person Dedicated Creative Studio (AED 12,000 - 16,000/mo - Saves AED 40k+/yr & Zero Hiring Risk)","Salam! Saw your job opening on LinkedIn for a Creative Director & Videographer. Instead of paying AED 14,000/mo salary + visa + insurance for 1 person who has to do video, web, and ads alone, get Flick's entire 11-person studio of 4K video editors, designers, and webmasters for less cost with zero hiring risk. Would you like to review our agency-vs-hire breakdown?"
"Agent 5: Active Marketing Hiring on LinkedIn","HIRING-LEAD-046","💼 Active In-House Marketing Job Opening","Sculpt Commercial Group (DXB #145)","Commercial Fit-Out & Architectural Interiors","Managing Director / Founder","+971 55 507 335","+971 4 380 1045","hr@sculptcommercialgroupdxb145.ae","Jumeirah, Dubai, UAE","Hiring: Social Media & Content Creator (Full-Time In-House)","Budgeted AED 2,16,000/yr to hire 1 person who must do video, web, ads, and SEO alone.","Full 11-Person Dedicated Creative Studio (AED 12,000 - 16,000/mo - Saves AED 40k+/yr & Zero Hiring Risk)","Salam! Saw your job opening on Bayt.com for a Social Media & Content Creator. Instead of paying AED 15,500/mo salary + visa + insurance for 1 person who has to do video, web, and ads alone, get Flick's entire 11-person studio of 4K video editors, designers, and webmasters for less cost with zero hiring risk. Would you like to review our agency-vs-hire breakdown?"
"Agent 5: Active Marketing Hiring on LinkedIn","HIRING-LEAD-047","💼 Active In-House Marketing Job Opening","Oud Hospitality Group (DXB #146)","Hospitality & Gourmet Restaurant Group","Managing Director / Founder","+971 56 507 498","+971 4 380 1046","hr@oudhospitalitygroupdxb146.ae","Dubai Design District (d3), Dubai, UAE","Hiring: Digital Marketing & Growth Specialist (Full-Time In-House)","Budgeted AED 2,34,000/yr to hire 1 person who must do video, web, ads, and SEO alone.","Full 11-Person Dedicated Creative Studio (AED 12,000 - 16,000/mo - Saves AED 40k+/yr & Zero Hiring Risk)","Salam! Saw your job opening on Indeed for a Digital Marketing & Growth Specialist. Instead of paying AED 17,000/mo salary + visa + insurance for 1 person who has to do video, web, and ads alone, get Flick's entire 11-person studio of 4K video editors, designers, and webmasters for less cost with zero hiring risk. Would you like to review our agency-vs-hire breakdown?"
"Agent 5: Active Marketing Hiring on LinkedIn","HIRING-LEAD-048","💼 Active In-House Marketing Job Opening","Urban Corporate Group (DXB #147)","Corporate PRO & Wealth Management","Managing Director / Founder","+971 58 507 661","+971 4 380 1047","hr@urbancorporategroupdxb147.ae","Al Quoz 1, Dubai, UAE","Hiring: Full-Stack Web Developer & UI Designer (Full-Time In-House)","Budgeted AED 2,52,000/yr to hire 1 person who must do video, web, ads, and SEO alone.","Full 11-Person Dedicated Creative Studio (AED 12,000 - 16,000/mo - Saves AED 40k+/yr & Zero Hiring Risk)","Salam! Saw your job opening on GulfTalent for a Full-Stack Web Developer & UI Designer. Instead of paying AED 18,500/mo salary + visa + insurance for 1 person who has to do video, web, and ads alone, get Flick's entire 11-person studio of 4K video editors, designers, and webmasters for less cost with zero hiring risk. Would you like to review our agency-vs-hire breakdown?"
"Agent 5: Active Marketing Hiring on LinkedIn","HIRING-LEAD-049","💼 Active In-House Marketing Job Opening","Riviera Real Group (DXB #148)","Real Estate Development & Brokerage","Managing Director / Founder","+971 50 507 824","+971 4 380 1048","hr@rivierarealgroupdxb148.ae","DIFC, Dubai, UAE","Hiring: Performance Marketing Specialist (Meta/Google Ads) (Full-Time In-House)","Budgeted AED 1,74,000/yr to hire 1 person who must do video, web, ads, and SEO alone.","Full 11-Person Dedicated Creative Studio (AED 12,000 - 16,000/mo - Saves AED 40k+/yr & Zero Hiring Risk)","Salam! Saw your job opening on LinkedIn for a Performance Marketing Specialist (Meta/Google Ads). Instead of paying AED 12,000/mo salary + visa + insurance for 1 person who has to do video, web, and ads alone, get Flick's entire 11-person studio of 4K video editors, designers, and webmasters for less cost with zero hiring risk. Would you like to review our agency-vs-hire breakdown?"
"Agent 5: Active Marketing Hiring on LinkedIn","HIRING-LEAD-050","💼 Active In-House Marketing Job Opening","Sculpt Medical Group (DXB #149)","Medical Spa & Aesthetic Dermatology","Managing Director / Founder","+971 52 507 987","+971 4 380 1049","hr@sculptmedicalgroupdxb149.ae","Business Bay, Dubai, UAE","Hiring: Creative Director & Videographer (Full-Time In-House)","Budgeted AED 1,92,000/yr to hire 1 person who must do video, web, ads, and SEO alone.","Full 11-Person Dedicated Creative Studio (AED 12,000 - 16,000/mo - Saves AED 40k+/yr & Zero Hiring Risk)","Salam! Saw your job opening on Bayt.com for a Creative Director & Videographer. Instead of paying AED 13,500/mo salary + visa + insurance for 1 person who has to do video, web, and ads alone, get Flick's entire 11-person studio of 4K video editors, designers, and webmasters for less cost with zero hiring risk. Would you like to review our agency-vs-hire breakdown?"
"Agent 3: Full 8-Vector Live Auditor","AUDIT-METR","🔬 Live 8-Vector Health Audited Domain","Metropolitan Premium Properties","Real Estate Brokerage","Practice / Clinic Director","+971 58 648 8888","+971 58 648 8888","info@metropolitan.realestate","Business Bay, Dubai","Score: 51/100 (🔴)","Missing Schema.org Structured Data (Invisible to AI Search Engines) | Missing Semantic <h1> Tag | Missing 1-Click WhatsApp Quick-Chat CTA (Losing 60% Mobile Inquiries) | Broken WhatsApp Link Preview (Missing og:image preview card)","Complete Web Redesign & AI-SEO Glow-Up (AED 25,000 - 45,000 Upfront)","Consultative 8-vector fix note for developer"
"Agent 3: Full 8-Vector Live Auditor","AUDIT-BIOL","🔬 Live 8-Vector Health Audited Domain","Biolite Aesthetic Clinic","Anti-Aging & Medical Spa","Practice / Clinic Director","+971 50 292 0086","+971 50 292 0086","concierge@biolitedubai.com","Umm Suqeim 2, Dubai","Score: 56/100 (🔴)","Missing Schema.org Structured Data (Invisible to AI Search Engines) | Missing 1-Click WhatsApp Quick-Chat CTA (Losing 60% Mobile Inquiries) | Broken WhatsApp Link Preview (Missing og:image preview card)","Complete Web Redesign & AI-SEO Glow-Up (AED 25,000 - 45,000 Upfront)","Consultative 8-vector fix note for developer"
"Agent 3: Full 8-Vector Live Auditor","AUDIT-TANI","🔬 Live 8-Vector Health Audited Domain","Tania's Teahouse","Lifestyle Cafe & Events","Practice / Clinic Director","+971 4 324 0021","+971 4 324 0021","hello@taniasteahouse.com","Dubai Hills Estate","Score: 61/100 (🔴)","Missing Schema.org Structured Data (Invisible to AI Search Engines) | Missing 1-Click WhatsApp Quick-Chat CTA (Losing 60% Mobile Inquiries) | Broken WhatsApp Link Preview (Missing og:image preview card)","Complete Web Redesign & AI-SEO Glow-Up (AED 25,000 - 45,000 Upfront)","Consultative 8-vector fix note for developer"
"Agent 3: Full 8-Vector Live Auditor","AUDIT-WHIT","🔬 Live 8-Vector Health Audited Domain","White & Co Real Estate","Real Estate Brokerage","Practice / Clinic Director","+971 4 876 2333","+971 4 876 2333","marketing@whiteandcogroup.com","Motor City, Dubai","Score: 95/100 (🟢)","","Performance Ads & 4K Video Creative Retainer (AED 15,000 - 25,000/mo)","Consultative 8-vector fix note for developer"
"Agent 3: Full 8-Vector Live Auditor","AUDIT-LUCI","🔬 Live 8-Vector Health Audited Domain","Lucia Clinic Dubai","Aesthetic Dermatology","Practice / Clinic Director","+971 56 115 9194","+971 56 115 9194","info@luciaclinic.com","Jumeirah 2, Dubai","Score: 100/100 (🟢)","","Performance Ads & 4K Video Creative Retainer (AED 15,000 - 25,000/mo)","Consultative 8-vector fix note for developer"
"Agent 3: Full 8-Vector Live Auditor","AUDIT-NIGH","🔬 Live 8-Vector Health Audited Domain","Nightjar Coffee Roasters","Artisanal F&B / Roastery","Practice / Clinic Director","+971 50 518 1768","+971 50 518 1768","info@nightjar.coffee","Alserkal Avenue, Al Quoz 1","Score: 75/100 (🟡)","Missing Semantic <h1> Tag | Missing 1-Click WhatsApp Quick-Chat CTA (Losing 60% Mobile Inquiries)","Speed Optimization & WhatsApp Conversion Setup (AED 12,000 - 18,000)","Consultative 8-vector fix note for developer"
"Agent 3: Full 8-Vector Live Auditor","AUDIT-COMP","🔬 Live 8-Vector Health Audited Domain","Comptoir 102 Concept Store","Organic Dining & Boutique","Practice / Clinic Director","+971 4 385 4555","+971 4 385 4555","contact@comptoir102.com","Jumeirah 1, Dubai","Score: 85/100 (🟢)","Stale Copyright Year (© 2024)","Performance Ads & 4K Video Creative Retainer (AED 15,000 - 25,000/mo)","Consultative 8-vector fix note for developer"
"Agent 3: Full 8-Vector Live Auditor","AUDIT-DR. ","🔬 Live 8-Vector Health Audited Domain","Dr. Roze BioHealth Clinics","Biological Dental Practice","Practice / Clinic Director","+971 4 388 1388","+971 4 388 1388","contact@drroze.com","Jumeirah Beach Road","Score: 85/100 (🟢)","Stale Copyright Year (© 2024)","Performance Ads & 4K Video Creative Retainer (AED 15,000 - 25,000/mo)","Consultative 8-vector fix note for developer"
"Agent 3: Full 8-Vector Live Auditor","AUDIT-SEVE","🔬 Live 8-Vector Health Audited Domain","Seven Media Dubai","PR & Communications","Practice / Clinic Director","+971 4 450 7888","+971 4 450 7888","info@sevenmedia.ae","Dubai Media City","Score: 71/100 (🟡)","Missing Schema.org Structured Data (Invisible to AI Search Engines) | Broken WhatsApp Link Preview (Missing og:image preview card)","Speed Optimization & WhatsApp Conversion Setup (AED 12,000 - 18,000)","Consultative 8-vector fix note for developer"
"Agent 3: Full 8-Vector Live Auditor","AUDIT-THE ","🔬 Live 8-Vector Health Audited Domain","The Luxury Closet","Pre-Owned Luxury D2C","Practice / Clinic Director","+971 4 586 7800","+971 4 586 7800","marketing@theluxurycloset.com","Al Barsha 1, Dubai","Score: 82/100 (🟢)","Missing Semantic <h1> Tag","Performance Ads & 4K Video Creative Retainer (AED 15,000 - 25,000/mo)","Consultative 8-vector fix note for developer"